#GPU, mean, median
#A100-SXM4-40GB 4xShare, 1010, 1008
#A100-SXM4-40GB 7xShare, 1238, 1260
#A100-SXM4-40GB MIG 1g.5gb, 1403, 1404
#A100-SXM4-40GB MIG 2g.10gb, 995, 1008
#A100-SXM4-40GB MIG 3g.20gb, 946, 936
#A100-SXM4-40GB MIG 7g.40gb, 852, 864
#Tesla T4, 919, 900
#Tesla T4 2xShare, 1478, 1404
#Tesla T4 3xShare, 1428, 1512
#Tesla V100-SXM2-16GB, 970, 936
#Tesla V100-SXM2-16GB 2xShare, 1108, 1116
#Tesla V100-SXM2-16GB 3xShare, 1313, 1296
#GPU, walltime
A100-SXM4-40GB 4xShare, 900
A100-SXM4-40GB 4xShare, 1008
A100-SXM4-40GB 4xShare, 1080
A100-SXM4-40GB 4xShare, 936
A100-SXM4-40GB 4xShare, 972
A100-SXM4-40GB 4xShare, 972
A100-SXM4-40GB 4xShare, 936
A100-SXM4-40GB 4xShare, 1008
A100-SXM4-40GB 4xShare, 1008
A100-SXM4-40GB 4xShare, 1116
A100-SXM4-40GB 4xShare, 936
A100-SXM4-40GB 4xShare, 936
A100-SXM4-40GB 4xShare, 1080
A100-SXM4-40GB 4xShare, 972
A100-SXM4-40GB 4xShare, 1008
A100-SXM4-40GB 4xShare, 1080
A100-SXM4-40GB 4xShare, 972
A100-SXM4-40GB 4xShare, 1044
A100-SXM4-40GB 4xShare, 936
A100-SXM4-40GB 4xShare, 1044
A100-SXM4-40GB 4xShare, 972
A100-SXM4-40GB 4xShare, 936
A100-SXM4-40GB 4xShare, 936
A100-SXM4-40GB 4xShare, 900
A100-SXM4-40GB 4xShare, 972
A100-SXM4-40GB 4xShare, 1044
A100-SXM4-40GB 4xShare, 1152
A100-SXM4-40GB 4xShare, 936
A100-SXM4-40GB 4xShare, 1008
A100-SXM4-40GB 4xShare, 1008
A100-SXM4-40GB 4xShare, 1080
A100-SXM4-40GB 4xShare, 1008
A100-SXM4-40GB 4xShare, 1008
A100-SXM4-40GB 4xShare, 1008
A100-SXM4-40GB 4xShare, 1152
A100-SXM4-40GB 4xShare, 1044
A100-SXM4-40GB 4xShare, 1152
A100-SXM4-40GB 4xShare, 1044
A100-SXM4-40GB 4xShare, 1008
A100-SXM4-40GB 4xShare, 1044
A100-SXM4-40GB 4xShare, 1080
A100-SXM4-40GB 4xShare, 936
A100-SXM4-40GB 4xShare, 972
A100-SXM4-40GB 4xShare, 1116
A100-SXM4-40GB 4xShare, 972
A100-SXM4-40GB 4xShare, 1044
A100-SXM4-40GB 4xShare, 1008
A100-SXM4-40GB 4xShare, 936
A100-SXM4-40GB 4xShare, 1008
A100-SXM4-40GB 4xShare, 1008
A100-SXM4-40GB 4xShare, 1008
A100-SXM4-40GB 4xShare, 1080
A100-SXM4-40GB 7xShare, 936
A100-SXM4-40GB 7xShare, 1116
A100-SXM4-40GB 7xShare, 1296
A100-SXM4-40GB 7xShare, 1152
A100-SXM4-40GB 7xShare, 1440
A100-SXM4-40GB 7xShare, 1476
A100-SXM4-40GB 7xShare, 1368
A100-SXM4-40GB 7xShare, 1440
A100-SXM4-40GB 7xShare, 1476
A100-SXM4-40GB 7xShare, 1440
A100-SXM4-40GB 7xShare, 1476
A100-SXM4-40GB 7xShare, 1044
A100-SXM4-40GB 7xShare, 1152
A100-SXM4-40GB 7xShare, 1548
A100-SXM4-40GB 7xShare, 1548
A100-SXM4-40GB 7xShare, 1296
A100-SXM4-40GB 7xShare, 1512
A100-SXM4-40GB 7xShare, 1008
A100-SXM4-40GB 7xShare, 1188
A100-SXM4-40GB 7xShare, 1512
A100-SXM4-40GB 7xShare, 1296
A100-SXM4-40GB 7xShare, 1224
A100-SXM4-40GB 7xShare, 1116
A100-SXM4-40GB 7xShare, 1044
A100-SXM4-40GB 7xShare, 1008
A100-SXM4-40GB 7xShare, 1476
A100-SXM4-40GB 7xShare, 1008
A100-SXM4-40GB 7xShare, 936
A100-SXM4-40GB 7xShare, 1008
A100-SXM4-40GB 7xShare, 1440
A100-SXM4-40GB 7xShare, 1260
A100-SXM4-40GB 7xShare, 1404
A100-SXM4-40GB 7xShare, 1044
A100-SXM4-40GB 7xShare, 1080
A100-SXM4-40GB 7xShare, 1044
A100-SXM4-40GB 7xShare, 1404
A100-SXM4-40GB 7xShare, 1476
A100-SXM4-40GB 7xShare, 1224
A100-SXM4-40GB 7xShare, 1008
A100-SXM4-40GB 7xShare, 1224
A100-SXM4-40GB 7xShare, 1080
A100-SXM4-40GB 7xShare, 1188
A100-SXM4-40GB 7xShare, 972
A100-SXM4-40GB 7xShare, 1080
A100-SXM4-40GB 7xShare, 1080
A100-SXM4-40GB 7xShare, 1008
A100-SXM4-40GB 7xShare, 1368
A100-SXM4-40GB 7xShare, 1080
A100-SXM4-40GB 7xShare, 1152
A100-SXM4-40GB 7xShare, 1368
A100-SXM4-40GB 7xShare, 1080
A100-SXM4-40GB 7xShare, 1296
A100-SXM4-40GB 7xShare, 1188
A100-SXM4-40GB 7xShare, 1404
A100-SXM4-40GB 7xShare, 1296
A100-SXM4-40GB 7xShare, 1404
A100-SXM4-40GB 7xShare, 1044
A100-SXM4-40GB 7xShare, 972
A100-SXM4-40GB 7xShare, 1080
A100-SXM4-40GB 7xShare, 1296
A100-SXM4-40GB 7xShare, 1008
A100-SXM4-40GB 7xShare, 1188
A100-SXM4-40GB 7xShare, 1332
A100-SXM4-40GB 7xShare, 1152
A100-SXM4-40GB 7xShare, 1044
A100-SXM4-40GB 7xShare, 1080
A100-SXM4-40GB 7xShare, 1080
A100-SXM4-40GB 7xShare, 1116
A100-SXM4-40GB 7xShare, 1008
A100-SXM4-40GB 7xShare, 1224
A100-SXM4-40GB 7xShare, 1440
A100-SXM4-40GB 7xShare, 1080
A100-SXM4-40GB 7xShare, 1368
A100-SXM4-40GB 7xShare, 1116
A100-SXM4-40GB 7xShare, 936
A100-SXM4-40GB 7xShare, 1224
A100-SXM4-40GB 7xShare, 1116
A100-SXM4-40GB 7xShare, 1368
A100-SXM4-40GB 7xShare, 1332
A100-SXM4-40GB 7xShare, 1116
A100-SXM4-40GB 7xShare, 1548
A100-SXM4-40GB 7xShare, 1476
A100-SXM4-40GB 7xShare, 1476
A100-SXM4-40GB 7xShare, 1476
A100-SXM4-40GB 7xShare, 1332
A100-SXM4-40GB 7xShare, 1116
A100-SXM4-40GB 7xShare, 1260
A100-SXM4-40GB 7xShare, 1116
A100-SXM4-40GB 7xShare, 900
A100-SXM4-40GB 7xShare, 1260
A100-SXM4-40GB 7xShare, 1332
A100-SXM4-40GB 7xShare, 1044
A100-SXM4-40GB 7xShare, 1332
A100-SXM4-40GB 7xShare, 1080
A100-SXM4-40GB 7xShare, 1008
A100-SXM4-40GB 7xShare, 1008
A100-SXM4-40GB 7xShare, 1260
A100-SXM4-40GB 7xShare, 1008
A100-SXM4-40GB 7xShare, 1044
A100-SXM4-40GB 7xShare, 936
A100-SXM4-40GB 7xShare, 972
A100-SXM4-40GB 7xShare, 1008
A100-SXM4-40GB 7xShare, 1152
A100-SXM4-40GB 7xShare, 1260
A100-SXM4-40GB 7xShare, 1188
A100-SXM4-40GB 7xShare, 972
A100-SXM4-40GB 7xShare, 1080
A100-SXM4-40GB 7xShare, 936
A100-SXM4-40GB 7xShare, 936
A100-SXM4-40GB 7xShare, 936
A100-SXM4-40GB 7xShare, 936
A100-SXM4-40GB 7xShare, 1152
A100-SXM4-40GB 7xShare, 1044
A100-SXM4-40GB 7xShare, 1008
A100-SXM4-40GB 7xShare, 1008
A100-SXM4-40GB 7xShare, 1260
A100-SXM4-40GB 7xShare, 936
A100-SXM4-40GB 7xShare, 1152
A100-SXM4-40GB 7xShare, 972
A100-SXM4-40GB 7xShare, 936
A100-SXM4-40GB 7xShare, 1188
A100-SXM4-40GB 7xShare, 1224
A100-SXM4-40GB 7xShare, 1260
A100-SXM4-40GB 7xShare, 1116
A100-SXM4-40GB 7xShare, 1116
A100-SXM4-40GB 7xShare, 1080
A100-SXM4-40GB 7xShare, 1188
A100-SXM4-40GB 7xShare, 1296
A100-SXM4-40GB 7xShare, 1188
A100-SXM4-40GB 7xShare, 1080
A100-SXM4-40GB 7xShare, 1260
A100-SXM4-40GB 7xShare, 1188
A100-SXM4-40GB 7xShare, 1224
A100-SXM4-40GB 7xShare, 1296
A100-SXM4-40GB 7xShare, 1440
A100-SXM4-40GB 7xShare, 1260
A100-SXM4-40GB 7xShare, 1044
A100-SXM4-40GB 7xShare, 1080
A100-SXM4-40GB 7xShare, 1548
A100-SXM4-40GB 7xShare, 1080
A100-SXM4-40GB 7xShare, 1152
A100-SXM4-40GB 7xShare, 1116
A100-SXM4-40GB 7xShare, 1116
A100-SXM4-40GB 7xShare, 1224
A100-SXM4-40GB 7xShare, 1296
A100-SXM4-40GB 7xShare, 1008
A100-SXM4-40GB 7xShare, 1476
A100-SXM4-40GB 7xShare, 1224
A100-SXM4-40GB 7xShare, 1152
A100-SXM4-40GB 7xShare, 1224
A100-SXM4-40GB 7xShare, 1008
A100-SXM4-40GB 7xShare, 1080
A100-SXM4-40GB 7xShare, 1620
A100-SXM4-40GB 7xShare, 1296
A100-SXM4-40GB 7xShare, 1512
A100-SXM4-40GB 7xShare, 1476
A100-SXM4-40GB 7xShare, 1332
A100-SXM4-40GB 7xShare, 1404
A100-SXM4-40GB 7xShare, 1224
A100-SXM4-40GB 7xShare, 1260
A100-SXM4-40GB 7xShare, 1368
A100-SXM4-40GB 7xShare, 1584
A100-SXM4-40GB 7xShare, 1080
A100-SXM4-40GB 7xShare, 1260
A100-SXM4-40GB 7xShare, 1080
A100-SXM4-40GB 7xShare, 1224
A100-SXM4-40GB 7xShare, 1332
A100-SXM4-40GB 7xShare, 1620
A100-SXM4-40GB 7xShare, 1224
A100-SXM4-40GB 7xShare, 1440
A100-SXM4-40GB 7xShare, 1404
A100-SXM4-40GB 7xShare, 1188
A100-SXM4-40GB 7xShare, 1296
A100-SXM4-40GB 7xShare, 1584
A100-SXM4-40GB 7xShare, 1440
A100-SXM4-40GB 7xShare, 1224
A100-SXM4-40GB 7xShare, 1260
A100-SXM4-40GB 7xShare, 1368
A100-SXM4-40GB 7xShare, 1404
A100-SXM4-40GB 7xShare, 1332
A100-SXM4-40GB 7xShare, 1368
A100-SXM4-40GB 7xShare, 1188
A100-SXM4-40GB 7xShare, 1188
A100-SXM4-40GB 7xShare, 1224
A100-SXM4-40GB 7xShare, 1332
A100-SXM4-40GB 7xShare, 1296
A100-SXM4-40GB 7xShare, 1296
A100-SXM4-40GB 7xShare, 1332
A100-SXM4-40GB 7xShare, 1332
A100-SXM4-40GB 7xShare, 1296
A100-SXM4-40GB 7xShare, 1260
A100-SXM4-40GB 7xShare, 1332
A100-SXM4-40GB 7xShare, 1404
A100-SXM4-40GB 7xShare, 1260
A100-SXM4-40GB 7xShare, 1260
A100-SXM4-40GB 7xShare, 1260
A100-SXM4-40GB 7xShare, 1188
A100-SXM4-40GB 7xShare, 1332
A100-SXM4-40GB 7xShare, 1260
A100-SXM4-40GB 7xShare, 1476
A100-SXM4-40GB 7xShare, 1116
A100-SXM4-40GB 7xShare, 1332
A100-SXM4-40GB 7xShare, 1368
A100-SXM4-40GB 7xShare, 1260
A100-SXM4-40GB 7xShare, 1188
A100-SXM4-40GB 7xShare, 1296
A100-SXM4-40GB 7xShare, 1188
A100-SXM4-40GB 7xShare, 1404
A100-SXM4-40GB 7xShare, 1512
A100-SXM4-40GB 7xShare, 1368
A100-SXM4-40GB 7xShare, 1332
A100-SXM4-40GB 7xShare, 1260
A100-SXM4-40GB 7xShare, 1332
A100-SXM4-40GB 7xShare, 1332
A100-SXM4-40GB 7xShare, 1584
A100-SXM4-40GB 7xShare, 1548
A100-SXM4-40GB 7xShare, 1620
A100-SXM4-40GB 7xShare, 1440
A100-SXM4-40GB 7xShare, 1548
A100-SXM4-40GB 7xShare, 1584
A100-SXM4-40GB 7xShare, 1404
A100-SXM4-40GB 7xShare, 1260
A100-SXM4-40GB 7xShare, 1404
A100-SXM4-40GB 7xShare, 1332
A100-SXM4-40GB 7xShare, 1188
A100-SXM4-40GB 7xShare, 1368
A100-SXM4-40GB 7xShare, 1296
A100-SXM4-40GB 7xShare, 1368
A100-SXM4-40GB 7xShare, 1332
A100-SXM4-40GB 7xShare, 1440
A100-SXM4-40GB 7xShare, 1296
A100-SXM4-40GB 7xShare, 1476
A100-SXM4-40GB 7xShare, 1260
A100-SXM4-40GB 7xShare, 1260
A100-SXM4-40GB 7xShare, 1296
A100-SXM4-40GB 7xShare, 1404
A100-SXM4-40GB 7xShare, 1368
A100-SXM4-40GB 7xShare, 1080
A100-SXM4-40GB 7xShare, 1260
A100-SXM4-40GB 7xShare, 1296
A100-SXM4-40GB 7xShare, 1080
A100-SXM4-40GB 7xShare, 1296
A100-SXM4-40GB 7xShare, 1368
A100-SXM4-40GB 7xShare, 1080
A100-SXM4-40GB 7xShare, 1116
A100-SXM4-40GB 7xShare, 972
A100-SXM4-40GB MIG 1g.5gb, 1404
A100-SXM4-40GB MIG 1g.5gb, 1656
A100-SXM4-40GB MIG 1g.5gb, 1224
A100-SXM4-40GB MIG 1g.5gb, 1260
A100-SXM4-40GB MIG 1g.5gb, 1404
A100-SXM4-40GB MIG 1g.5gb, 1296
A100-SXM4-40GB MIG 1g.5gb, 1368
A100-SXM4-40GB MIG 1g.5gb, 1548
A100-SXM4-40GB MIG 1g.5gb, 1404
A100-SXM4-40GB MIG 1g.5gb, 1440
A100-SXM4-40GB MIG 1g.5gb, 1620
A100-SXM4-40GB MIG 1g.5gb, 1476
A100-SXM4-40GB MIG 1g.5gb, 1404
A100-SXM4-40GB MIG 1g.5gb, 1512
A100-SXM4-40GB MIG 1g.5gb, 1440
A100-SXM4-40GB MIG 1g.5gb, 1584
A100-SXM4-40GB MIG 1g.5gb, 1548
A100-SXM4-40GB MIG 1g.5gb, 1368
A100-SXM4-40GB MIG 1g.5gb, 1440
A100-SXM4-40GB MIG 1g.5gb, 1548
A100-SXM4-40GB MIG 1g.5gb, 1332
A100-SXM4-40GB MIG 1g.5gb, 1440
A100-SXM4-40GB MIG 1g.5gb, 1440
A100-SXM4-40GB MIG 1g.5gb, 1584
A100-SXM4-40GB MIG 1g.5gb, 1440
A100-SXM4-40GB MIG 1g.5gb, 1260
A100-SXM4-40GB MIG 1g.5gb, 1548
A100-SXM4-40GB MIG 1g.5gb, 1548
A100-SXM4-40GB MIG 1g.5gb, 1512
A100-SXM4-40GB MIG 1g.5gb, 1404
A100-SXM4-40GB MIG 1g.5gb, 1476
A100-SXM4-40GB MIG 1g.5gb, 1368
A100-SXM4-40GB MIG 1g.5gb, 1440
A100-SXM4-40GB MIG 1g.5gb, 1512
A100-SXM4-40GB MIG 1g.5gb, 1296
A100-SXM4-40GB MIG 1g.5gb, 1548
A100-SXM4-40GB MIG 1g.5gb, 1512
A100-SXM4-40GB MIG 1g.5gb, 1512
A100-SXM4-40GB MIG 1g.5gb, 1512
A100-SXM4-40GB MIG 1g.5gb, 1296
A100-SXM4-40GB MIG 1g.5gb, 1404
A100-SXM4-40GB MIG 1g.5gb, 1224
A100-SXM4-40GB MIG 1g.5gb, 1548
A100-SXM4-40GB MIG 1g.5gb, 1584
A100-SXM4-40GB MIG 1g.5gb, 1584
A100-SXM4-40GB MIG 1g.5gb, 1512
A100-SXM4-40GB MIG 1g.5gb, 1404
A100-SXM4-40GB MIG 1g.5gb, 1296
A100-SXM4-40GB MIG 1g.5gb, 1296
A100-SXM4-40GB MIG 1g.5gb, 1368
A100-SXM4-40GB MIG 1g.5gb, 1548
A100-SXM4-40GB MIG 1g.5gb, 1548
A100-SXM4-40GB MIG 1g.5gb, 1332
A100-SXM4-40GB MIG 1g.5gb, 1584
A100-SXM4-40GB MIG 1g.5gb, 1224
A100-SXM4-40GB MIG 1g.5gb, 1188
A100-SXM4-40GB MIG 1g.5gb, 1404
A100-SXM4-40GB MIG 1g.5gb, 1440
A100-SXM4-40GB MIG 1g.5gb, 1476
A100-SXM4-40GB MIG 1g.5gb, 1224
A100-SXM4-40GB MIG 1g.5gb, 1404
A100-SXM4-40GB MIG 1g.5gb, 1368
A100-SXM4-40GB MIG 1g.5gb, 1260
A100-SXM4-40GB MIG 1g.5gb, 1404
A100-SXM4-40GB MIG 1g.5gb, 1512
A100-SXM4-40GB MIG 1g.5gb, 1584
A100-SXM4-40GB MIG 1g.5gb, 1512
A100-SXM4-40GB MIG 1g.5gb, 1476
A100-SXM4-40GB MIG 1g.5gb, 1548
A100-SXM4-40GB MIG 1g.5gb, 1440
A100-SXM4-40GB MIG 1g.5gb, 1404
A100-SXM4-40GB MIG 1g.5gb, 1584
A100-SXM4-40GB MIG 1g.5gb, 1548
A100-SXM4-40GB MIG 1g.5gb, 1368
A100-SXM4-40GB MIG 1g.5gb, 1548
A100-SXM4-40GB MIG 1g.5gb, 1548
A100-SXM4-40GB MIG 1g.5gb, 1368
A100-SXM4-40GB MIG 1g.5gb, 1548
A100-SXM4-40GB MIG 1g.5gb, 1404
A100-SXM4-40GB MIG 1g.5gb, 1512
A100-SXM4-40GB MIG 1g.5gb, 1296
A100-SXM4-40GB MIG 1g.5gb, 1512
A100-SXM4-40GB MIG 1g.5gb, 1368
A100-SXM4-40GB MIG 1g.5gb, 1260
A100-SXM4-40GB MIG 1g.5gb, 1368
A100-SXM4-40GB MIG 1g.5gb, 1296
A100-SXM4-40GB MIG 1g.5gb, 1440
A100-SXM4-40GB MIG 1g.5gb, 1260
A100-SXM4-40GB MIG 1g.5gb, 1476
A100-SXM4-40GB MIG 1g.5gb, 1296
A100-SXM4-40GB MIG 1g.5gb, 1584
A100-SXM4-40GB MIG 1g.5gb, 1260
A100-SXM4-40GB MIG 1g.5gb, 1260
A100-SXM4-40GB MIG 1g.5gb, 1440
A100-SXM4-40GB MIG 1g.5gb, 1260
A100-SXM4-40GB MIG 1g.5gb, 1368
A100-SXM4-40GB MIG 1g.5gb, 1548
A100-SXM4-40GB MIG 1g.5gb, 1404
A100-SXM4-40GB MIG 1g.5gb, 1332
A100-SXM4-40GB MIG 1g.5gb, 1548
A100-SXM4-40GB MIG 1g.5gb, 1260
A100-SXM4-40GB MIG 1g.5gb, 1368
A100-SXM4-40GB MIG 1g.5gb, 1584
A100-SXM4-40GB MIG 1g.5gb, 1440
A100-SXM4-40GB MIG 1g.5gb, 1224
A100-SXM4-40GB MIG 1g.5gb, 1332
A100-SXM4-40GB MIG 1g.5gb, 1548
A100-SXM4-40GB MIG 1g.5gb, 1368
A100-SXM4-40GB MIG 1g.5gb, 1260
A100-SXM4-40GB MIG 1g.5gb, 1404
A100-SXM4-40GB MIG 1g.5gb, 1512
A100-SXM4-40GB MIG 1g.5gb, 1368
A100-SXM4-40GB MIG 1g.5gb, 1224
A100-SXM4-40GB MIG 1g.5gb, 1332
A100-SXM4-40GB MIG 1g.5gb, 1404
A100-SXM4-40GB MIG 1g.5gb, 1224
A100-SXM4-40GB MIG 1g.5gb, 1404
A100-SXM4-40GB MIG 1g.5gb, 1440
A100-SXM4-40GB MIG 1g.5gb, 1296
A100-SXM4-40GB MIG 1g.5gb, 1404
A100-SXM4-40GB MIG 1g.5gb, 1260
A100-SXM4-40GB MIG 1g.5gb, 1332
A100-SXM4-40GB MIG 1g.5gb, 1620
A100-SXM4-40GB MIG 1g.5gb, 1440
A100-SXM4-40GB MIG 1g.5gb, 1332
A100-SXM4-40GB MIG 1g.5gb, 1404
A100-SXM4-40GB MIG 1g.5gb, 1404
A100-SXM4-40GB MIG 1g.5gb, 1548
A100-SXM4-40GB MIG 1g.5gb, 1404
A100-SXM4-40GB MIG 1g.5gb, 1404
A100-SXM4-40GB MIG 1g.5gb, 1260
A100-SXM4-40GB MIG 1g.5gb, 1368
A100-SXM4-40GB MIG 1g.5gb, 1548
A100-SXM4-40GB MIG 1g.5gb, 1404
A100-SXM4-40GB MIG 1g.5gb, 1476
A100-SXM4-40GB MIG 1g.5gb, 1224
A100-SXM4-40GB MIG 1g.5gb, 1512
A100-SXM4-40GB MIG 1g.5gb, 1332
A100-SXM4-40GB MIG 1g.5gb, 1548
A100-SXM4-40GB MIG 1g.5gb, 1404
A100-SXM4-40GB MIG 1g.5gb, 1224
A100-SXM4-40GB MIG 1g.5gb, 1476
A100-SXM4-40GB MIG 1g.5gb, 1332
A100-SXM4-40GB MIG 1g.5gb, 1224
A100-SXM4-40GB MIG 1g.5gb, 1512
A100-SXM4-40GB MIG 1g.5gb, 1404
A100-SXM4-40GB MIG 1g.5gb, 1512
A100-SXM4-40GB MIG 1g.5gb, 1260
A100-SXM4-40GB MIG 1g.5gb, 1224
A100-SXM4-40GB MIG 1g.5gb, 1584
A100-SXM4-40GB MIG 1g.5gb, 1260
A100-SXM4-40GB MIG 1g.5gb, 1476
A100-SXM4-40GB MIG 1g.5gb, 1404
A100-SXM4-40GB MIG 1g.5gb, 1404
A100-SXM4-40GB MIG 1g.5gb, 1224
A100-SXM4-40GB MIG 1g.5gb, 1332
A100-SXM4-40GB MIG 1g.5gb, 1296
A100-SXM4-40GB MIG 1g.5gb, 1332
A100-SXM4-40GB MIG 1g.5gb, 1512
A100-SXM4-40GB MIG 1g.5gb, 1440
A100-SXM4-40GB MIG 1g.5gb, 1440
A100-SXM4-40GB MIG 1g.5gb, 1620
A100-SXM4-40GB MIG 1g.5gb, 1512
A100-SXM4-40GB MIG 1g.5gb, 1512
A100-SXM4-40GB MIG 1g.5gb, 1332
A100-SXM4-40GB MIG 1g.5gb, 1440
A100-SXM4-40GB MIG 1g.5gb, 1224
A100-SXM4-40GB MIG 1g.5gb, 1548
A100-SXM4-40GB MIG 1g.5gb, 1476
A100-SXM4-40GB MIG 1g.5gb, 1440
A100-SXM4-40GB MIG 1g.5gb, 1440
A100-SXM4-40GB MIG 1g.5gb, 1224
A100-SXM4-40GB MIG 1g.5gb, 1404
A100-SXM4-40GB MIG 1g.5gb, 1548
A100-SXM4-40GB MIG 1g.5gb, 1440
A100-SXM4-40GB MIG 1g.5gb, 1512
A100-SXM4-40GB MIG 1g.5gb, 1476
A100-SXM4-40GB MIG 1g.5gb, 1512
A100-SXM4-40GB MIG 1g.5gb, 1260
A100-SXM4-40GB MIG 1g.5gb, 1512
A100-SXM4-40GB MIG 1g.5gb, 1260
A100-SXM4-40GB MIG 1g.5gb, 1260
A100-SXM4-40GB MIG 1g.5gb, 1368
A100-SXM4-40GB MIG 1g.5gb, 1548
A100-SXM4-40GB MIG 1g.5gb, 1620
A100-SXM4-40GB MIG 1g.5gb, 1476
A100-SXM4-40GB MIG 1g.5gb, 1584
A100-SXM4-40GB MIG 1g.5gb, 1404
A100-SXM4-40GB MIG 1g.5gb, 1548
A100-SXM4-40GB MIG 1g.5gb, 1440
A100-SXM4-40GB MIG 1g.5gb, 1440
A100-SXM4-40GB MIG 1g.5gb, 1512
A100-SXM4-40GB MIG 1g.5gb, 1260
A100-SXM4-40GB MIG 1g.5gb, 1368
A100-SXM4-40GB MIG 1g.5gb, 1260
A100-SXM4-40GB MIG 1g.5gb, 1512
A100-SXM4-40GB MIG 1g.5gb, 1584
A100-SXM4-40GB MIG 1g.5gb, 1368
A100-SXM4-40GB MIG 1g.5gb, 1368
A100-SXM4-40GB MIG 1g.5gb, 1440
A100-SXM4-40GB MIG 1g.5gb, 1476
A100-SXM4-40GB MIG 1g.5gb, 1260
A100-SXM4-40GB MIG 1g.5gb, 1548
A100-SXM4-40GB MIG 1g.5gb, 1332
A100-SXM4-40GB MIG 1g.5gb, 1440
A100-SXM4-40GB MIG 1g.5gb, 1332
A100-SXM4-40GB MIG 1g.5gb, 1404
A100-SXM4-40GB MIG 1g.5gb, 1260
A100-SXM4-40GB MIG 1g.5gb, 1512
A100-SXM4-40GB MIG 1g.5gb, 1512
A100-SXM4-40GB MIG 1g.5gb, 1440
A100-SXM4-40GB MIG 1g.5gb, 1188
A100-SXM4-40GB MIG 1g.5gb, 1368
A100-SXM4-40GB MIG 1g.5gb, 1512
A100-SXM4-40GB MIG 1g.5gb, 1404
A100-SXM4-40GB MIG 1g.5gb, 1368
A100-SXM4-40GB MIG 1g.5gb, 1152
A100-SXM4-40GB MIG 1g.5gb, 1368
A100-SXM4-40GB MIG 1g.5gb, 1440
A100-SXM4-40GB MIG 1g.5gb, 1368
A100-SXM4-40GB MIG 1g.5gb, 1440
A100-SXM4-40GB MIG 1g.5gb, 1404
A100-SXM4-40GB MIG 1g.5gb, 1584
A100-SXM4-40GB MIG 1g.5gb, 1440
A100-SXM4-40GB MIG 1g.5gb, 1332
A100-SXM4-40GB MIG 1g.5gb, 1584
A100-SXM4-40GB MIG 1g.5gb, 1332
A100-SXM4-40GB MIG 1g.5gb, 1548
A100-SXM4-40GB MIG 1g.5gb, 1440
A100-SXM4-40GB MIG 1g.5gb, 1332
A100-SXM4-40GB MIG 1g.5gb, 1584
A100-SXM4-40GB MIG 1g.5gb, 1188
A100-SXM4-40GB MIG 1g.5gb, 1332
A100-SXM4-40GB MIG 1g.5gb, 1440
A100-SXM4-40GB MIG 1g.5gb, 1260
A100-SXM4-40GB MIG 1g.5gb, 1296
A100-SXM4-40GB MIG 1g.5gb, 1512
A100-SXM4-40GB MIG 1g.5gb, 1440
A100-SXM4-40GB MIG 1g.5gb, 1332
A100-SXM4-40GB MIG 1g.5gb, 1512
A100-SXM4-40GB MIG 1g.5gb, 1476
A100-SXM4-40GB MIG 1g.5gb, 1332
A100-SXM4-40GB MIG 1g.5gb, 1152
A100-SXM4-40GB MIG 1g.5gb, 1368
A100-SXM4-40GB MIG 1g.5gb, 1404
A100-SXM4-40GB MIG 1g.5gb, 1260
A100-SXM4-40GB MIG 1g.5gb, 1512
A100-SXM4-40GB MIG 1g.5gb, 1332
A100-SXM4-40GB MIG 1g.5gb, 1152
A100-SXM4-40GB MIG 1g.5gb, 1224
A100-SXM4-40GB MIG 1g.5gb, 1512
A100-SXM4-40GB MIG 1g.5gb, 1404
A100-SXM4-40GB MIG 1g.5gb, 1332
A100-SXM4-40GB MIG 1g.5gb, 1548
A100-SXM4-40GB MIG 1g.5gb, 1368
A100-SXM4-40GB MIG 1g.5gb, 1260
A100-SXM4-40GB MIG 1g.5gb, 1404
A100-SXM4-40GB MIG 1g.5gb, 1548
A100-SXM4-40GB MIG 1g.5gb, 1296
A100-SXM4-40GB MIG 1g.5gb, 1548
A100-SXM4-40GB MIG 1g.5gb, 1296
A100-SXM4-40GB MIG 1g.5gb, 1368
A100-SXM4-40GB MIG 1g.5gb, 1584
A100-SXM4-40GB MIG 1g.5gb, 1368
A100-SXM4-40GB MIG 1g.5gb, 1332
A100-SXM4-40GB MIG 1g.5gb, 1512
A100-SXM4-40GB MIG 1g.5gb, 1404
A100-SXM4-40GB MIG 1g.5gb, 1260
A100-SXM4-40GB MIG 1g.5gb, 1404
A100-SXM4-40GB MIG 1g.5gb, 1368
A100-SXM4-40GB MIG 1g.5gb, 1584
A100-SXM4-40GB MIG 1g.5gb, 1224
A100-SXM4-40GB MIG 1g.5gb, 1332
A100-SXM4-40GB MIG 1g.5gb, 1404
A100-SXM4-40GB MIG 1g.5gb, 1476
A100-SXM4-40GB MIG 1g.5gb, 1368
A100-SXM4-40GB MIG 1g.5gb, 1404
A100-SXM4-40GB MIG 1g.5gb, 1512
A100-SXM4-40GB MIG 1g.5gb, 1296
A100-SXM4-40GB MIG 1g.5gb, 1260
A100-SXM4-40GB MIG 1g.5gb, 1332
A100-SXM4-40GB MIG 1g.5gb, 1440
A100-SXM4-40GB MIG 1g.5gb, 1224
A100-SXM4-40GB MIG 1g.5gb, 1332
A100-SXM4-40GB MIG 1g.5gb, 1512
A100-SXM4-40GB MIG 1g.5gb, 1188
A100-SXM4-40GB MIG 1g.5gb, 1512
A100-SXM4-40GB MIG 1g.5gb, 1476
A100-SXM4-40GB MIG 1g.5gb, 1404
A100-SXM4-40GB MIG 1g.5gb, 1476
A100-SXM4-40GB MIG 1g.5gb, 1260
A100-SXM4-40GB MIG 1g.5gb, 1440
A100-SXM4-40GB MIG 1g.5gb, 1440
A100-SXM4-40GB MIG 1g.5gb, 1260
A100-SXM4-40GB MIG 1g.5gb, 1512
A100-SXM4-40GB MIG 1g.5gb, 1440
A100-SXM4-40GB MIG 1g.5gb, 1440
A100-SXM4-40GB MIG 1g.5gb, 1152
A100-SXM4-40GB MIG 1g.5gb, 1404
A100-SXM4-40GB MIG 1g.5gb, 1512
A100-SXM4-40GB MIG 1g.5gb, 1260
A100-SXM4-40GB MIG 1g.5gb, 1512
A100-SXM4-40GB MIG 1g.5gb, 1260
A100-SXM4-40GB MIG 1g.5gb, 1476
A100-SXM4-40GB MIG 1g.5gb, 1188
A100-SXM4-40GB MIG 1g.5gb, 1332
A100-SXM4-40GB MIG 1g.5gb, 1332
A100-SXM4-40GB MIG 1g.5gb, 1332
A100-SXM4-40GB MIG 1g.5gb, 1476
A100-SXM4-40GB MIG 1g.5gb, 1368
A100-SXM4-40GB MIG 1g.5gb, 1188
A100-SXM4-40GB MIG 1g.5gb, 1440
A100-SXM4-40GB MIG 1g.5gb, 1368
A100-SXM4-40GB MIG 1g.5gb, 1512
A100-SXM4-40GB MIG 1g.5gb, 1440
A100-SXM4-40GB MIG 1g.5gb, 1332
A100-SXM4-40GB MIG 1g.5gb, 1548
A100-SXM4-40GB MIG 1g.5gb, 1332
A100-SXM4-40GB MIG 1g.5gb, 1188
A100-SXM4-40GB MIG 1g.5gb, 1260
A100-SXM4-40GB MIG 1g.5gb, 1548
A100-SXM4-40GB MIG 1g.5gb, 1404
A100-SXM4-40GB MIG 1g.5gb, 1332
A100-SXM4-40GB MIG 1g.5gb, 1440
A100-SXM4-40GB MIG 1g.5gb, 1224
A100-SXM4-40GB MIG 1g.5gb, 1260
A100-SXM4-40GB MIG 1g.5gb, 1584
A100-SXM4-40GB MIG 1g.5gb, 1404
A100-SXM4-40GB MIG 1g.5gb, 1548
A100-SXM4-40GB MIG 1g.5gb, 1260
A100-SXM4-40GB MIG 1g.5gb, 1512
A100-SXM4-40GB MIG 1g.5gb, 1188
A100-SXM4-40GB MIG 1g.5gb, 1548
A100-SXM4-40GB MIG 1g.5gb, 1368
A100-SXM4-40GB MIG 1g.5gb, 1188
A100-SXM4-40GB MIG 1g.5gb, 1368
A100-SXM4-40GB MIG 1g.5gb, 1512
A100-SXM4-40GB MIG 1g.5gb, 1404
A100-SXM4-40GB MIG 1g.5gb, 1512
A100-SXM4-40GB MIG 1g.5gb, 1440
A100-SXM4-40GB MIG 1g.5gb, 1296
A100-SXM4-40GB MIG 1g.5gb, 1404
A100-SXM4-40GB MIG 1g.5gb, 1116
A100-SXM4-40GB MIG 1g.5gb, 1368
A100-SXM4-40GB MIG 1g.5gb, 1224
A100-SXM4-40GB MIG 1g.5gb, 1332
A100-SXM4-40GB MIG 1g.5gb, 1512
A100-SXM4-40GB MIG 1g.5gb, 1332
A100-SXM4-40GB MIG 1g.5gb, 1548
A100-SXM4-40GB MIG 1g.5gb, 1368
A100-SXM4-40GB MIG 1g.5gb, 1368
A100-SXM4-40GB MIG 1g.5gb, 1548
A100-SXM4-40GB MIG 1g.5gb, 1512
A100-SXM4-40GB MIG 1g.5gb, 1332
A100-SXM4-40GB MIG 1g.5gb, 1548
A100-SXM4-40GB MIG 1g.5gb, 1440
A100-SXM4-40GB MIG 1g.5gb, 1368
A100-SXM4-40GB MIG 1g.5gb, 1404
A100-SXM4-40GB MIG 1g.5gb, 1296
A100-SXM4-40GB MIG 1g.5gb, 1404
A100-SXM4-40GB MIG 1g.5gb, 1224
A100-SXM4-40GB MIG 1g.5gb, 1404
A100-SXM4-40GB MIG 1g.5gb, 1584
A100-SXM4-40GB MIG 1g.5gb, 1224
A100-SXM4-40GB MIG 1g.5gb, 1620
A100-SXM4-40GB MIG 1g.5gb, 1404
A100-SXM4-40GB MIG 1g.5gb, 1332
A100-SXM4-40GB MIG 1g.5gb, 1620
A100-SXM4-40GB MIG 1g.5gb, 1404
A100-SXM4-40GB MIG 1g.5gb, 1476
A100-SXM4-40GB MIG 1g.5gb, 1440
A100-SXM4-40GB MIG 1g.5gb, 1224
A100-SXM4-40GB MIG 1g.5gb, 1296
A100-SXM4-40GB MIG 1g.5gb, 1440
A100-SXM4-40GB MIG 1g.5gb, 1332
A100-SXM4-40GB MIG 1g.5gb, 1368
A100-SXM4-40GB MIG 1g.5gb, 1224
A100-SXM4-40GB MIG 1g.5gb, 1368
A100-SXM4-40GB MIG 1g.5gb, 1584
A100-SXM4-40GB MIG 1g.5gb, 1512
A100-SXM4-40GB MIG 1g.5gb, 1404
A100-SXM4-40GB MIG 1g.5gb, 1548
A100-SXM4-40GB MIG 1g.5gb, 1296
A100-SXM4-40GB MIG 1g.5gb, 1440
A100-SXM4-40GB MIG 1g.5gb, 1476
A100-SXM4-40GB MIG 1g.5gb, 1404
A100-SXM4-40GB MIG 1g.5gb, 1332
A100-SXM4-40GB MIG 1g.5gb, 1440
A100-SXM4-40GB MIG 1g.5gb, 1584
A100-SXM4-40GB MIG 1g.5gb, 1512
A100-SXM4-40GB MIG 1g.5gb, 1260
A100-SXM4-40GB MIG 1g.5gb, 1404
A100-SXM4-40GB MIG 1g.5gb, 1440
A100-SXM4-40GB MIG 1g.5gb, 1512
A100-SXM4-40GB MIG 1g.5gb, 1404
A100-SXM4-40GB MIG 1g.5gb, 1224
A100-SXM4-40GB MIG 1g.5gb, 1440
A100-SXM4-40GB MIG 1g.5gb, 1620
A100-SXM4-40GB MIG 1g.5gb, 1260
A100-SXM4-40GB MIG 1g.5gb, 1476
A100-SXM4-40GB MIG 1g.5gb, 1224
A100-SXM4-40GB MIG 1g.5gb, 1404
A100-SXM4-40GB MIG 1g.5gb, 1620
A100-SXM4-40GB MIG 1g.5gb, 1368
A100-SXM4-40GB MIG 1g.5gb, 1512
A100-SXM4-40GB MIG 1g.5gb, 1440
A100-SXM4-40GB MIG 1g.5gb, 1332
A100-SXM4-40GB MIG 1g.5gb, 1404
A100-SXM4-40GB MIG 1g.5gb, 1476
A100-SXM4-40GB MIG 1g.5gb, 1188
A100-SXM4-40GB MIG 1g.5gb, 1476
A100-SXM4-40GB MIG 1g.5gb, 1404
A100-SXM4-40GB MIG 1g.5gb, 1440
A100-SXM4-40GB MIG 1g.5gb, 1368
A100-SXM4-40GB MIG 1g.5gb, 1260
A100-SXM4-40GB MIG 1g.5gb, 1296
A100-SXM4-40GB MIG 1g.5gb, 1584
A100-SXM4-40GB MIG 1g.5gb, 1404
A100-SXM4-40GB MIG 1g.5gb, 1368
A100-SXM4-40GB MIG 1g.5gb, 1296
A100-SXM4-40GB MIG 1g.5gb, 1368
A100-SXM4-40GB MIG 1g.5gb, 1548
A100-SXM4-40GB MIG 1g.5gb, 1296
A100-SXM4-40GB MIG 1g.5gb, 1368
A100-SXM4-40GB MIG 1g.5gb, 1548
A100-SXM4-40GB MIG 1g.5gb, 1404
A100-SXM4-40GB MIG 1g.5gb, 1224
A100-SXM4-40GB MIG 1g.5gb, 1404
A100-SXM4-40GB MIG 1g.5gb, 1476
A100-SXM4-40GB MIG 1g.5gb, 1368
A100-SXM4-40GB MIG 1g.5gb, 1224
A100-SXM4-40GB MIG 1g.5gb, 1512
A100-SXM4-40GB MIG 1g.5gb, 1440
A100-SXM4-40GB MIG 1g.5gb, 1224
A100-SXM4-40GB MIG 1g.5gb, 1548
A100-SXM4-40GB MIG 1g.5gb, 1224
A100-SXM4-40GB MIG 1g.5gb, 1296
A100-SXM4-40GB MIG 1g.5gb, 1548
A100-SXM4-40GB MIG 1g.5gb, 1368
A100-SXM4-40GB MIG 1g.5gb, 1224
A100-SXM4-40GB MIG 1g.5gb, 1296
A100-SXM4-40GB MIG 1g.5gb, 1224
A100-SXM4-40GB MIG 1g.5gb, 1620
A100-SXM4-40GB MIG 1g.5gb, 1404
A100-SXM4-40GB MIG 1g.5gb, 1296
A100-SXM4-40GB MIG 1g.5gb, 1548
A100-SXM4-40GB MIG 1g.5gb, 1404
A100-SXM4-40GB MIG 1g.5gb, 1332
A100-SXM4-40GB MIG 1g.5gb, 1404
A100-SXM4-40GB MIG 1g.5gb, 1404
A100-SXM4-40GB MIG 1g.5gb, 1512
A100-SXM4-40GB MIG 1g.5gb, 1404
A100-SXM4-40GB MIG 1g.5gb, 1260
A100-SXM4-40GB MIG 1g.5gb, 1332
A100-SXM4-40GB MIG 1g.5gb, 1548
A100-SXM4-40GB MIG 1g.5gb, 1404
A100-SXM4-40GB MIG 1g.5gb, 1224
A100-SXM4-40GB MIG 1g.5gb, 1404
A100-SXM4-40GB MIG 1g.5gb, 1512
A100-SXM4-40GB MIG 1g.5gb, 1224
A100-SXM4-40GB MIG 1g.5gb, 1548
A100-SXM4-40GB MIG 1g.5gb, 1476
A100-SXM4-40GB MIG 1g.5gb, 1224
A100-SXM4-40GB MIG 1g.5gb, 1476
A100-SXM4-40GB MIG 1g.5gb, 1404
A100-SXM4-40GB MIG 1g.5gb, 1512
A100-SXM4-40GB MIG 1g.5gb, 1404
A100-SXM4-40GB MIG 1g.5gb, 1512
A100-SXM4-40GB MIG 1g.5gb, 1260
A100-SXM4-40GB MIG 1g.5gb, 1368
A100-SXM4-40GB MIG 1g.5gb, 1404
A100-SXM4-40GB MIG 1g.5gb, 1332
A100-SXM4-40GB MIG 1g.5gb, 1512
A100-SXM4-40GB MIG 1g.5gb, 1476
A100-SXM4-40GB MIG 1g.5gb, 1260
A100-SXM4-40GB MIG 1g.5gb, 1476
A100-SXM4-40GB MIG 1g.5gb, 1188
A100-SXM4-40GB MIG 1g.5gb, 1332
A100-SXM4-40GB MIG 1g.5gb, 1224
A100-SXM4-40GB MIG 1g.5gb, 1332
A100-SXM4-40GB MIG 1g.5gb, 1620
A100-SXM4-40GB MIG 1g.5gb, 1368
A100-SXM4-40GB MIG 1g.5gb, 1548
A100-SXM4-40GB MIG 1g.5gb, 1368
A100-SXM4-40GB MIG 1g.5gb, 1656
A100-SXM4-40GB MIG 1g.5gb, 1404
A100-SXM4-40GB MIG 1g.5gb, 1548
A100-SXM4-40GB MIG 1g.5gb, 1440
A100-SXM4-40GB MIG 1g.5gb, 1368
A100-SXM4-40GB MIG 1g.5gb, 1548
A100-SXM4-40GB MIG 1g.5gb, 1332
A100-SXM4-40GB MIG 1g.5gb, 1368
A100-SXM4-40GB MIG 1g.5gb, 1224
A100-SXM4-40GB MIG 1g.5gb, 1404
A100-SXM4-40GB MIG 1g.5gb, 1404
A100-SXM4-40GB MIG 1g.5gb, 1548
A100-SXM4-40GB MIG 1g.5gb, 1404
A100-SXM4-40GB MIG 1g.5gb, 1260
A100-SXM4-40GB MIG 1g.5gb, 1260
A100-SXM4-40GB MIG 1g.5gb, 1404
A100-SXM4-40GB MIG 1g.5gb, 1260
A100-SXM4-40GB MIG 1g.5gb, 1440
A100-SXM4-40GB MIG 1g.5gb, 1404
A100-SXM4-40GB MIG 1g.5gb, 1260
A100-SXM4-40GB MIG 1g.5gb, 1368
A100-SXM4-40GB MIG 1g.5gb, 1584
A100-SXM4-40GB MIG 1g.5gb, 1332
A100-SXM4-40GB MIG 1g.5gb, 1476
A100-SXM4-40GB MIG 1g.5gb, 1368
A100-SXM4-40GB MIG 1g.5gb, 1512
A100-SXM4-40GB MIG 1g.5gb, 1224
A100-SXM4-40GB MIG 1g.5gb, 1512
A100-SXM4-40GB MIG 1g.5gb, 1296
A100-SXM4-40GB MIG 1g.5gb, 1476
A100-SXM4-40GB MIG 1g.5gb, 1368
A100-SXM4-40GB MIG 1g.5gb, 1224
A100-SXM4-40GB MIG 1g.5gb, 1368
A100-SXM4-40GB MIG 1g.5gb, 1584
A100-SXM4-40GB MIG 1g.5gb, 1476
A100-SXM4-40GB MIG 1g.5gb, 1224
A100-SXM4-40GB MIG 1g.5gb, 1332
A100-SXM4-40GB MIG 1g.5gb, 1332
A100-SXM4-40GB MIG 1g.5gb, 1548
A100-SXM4-40GB MIG 1g.5gb, 1476
A100-SXM4-40GB MIG 1g.5gb, 1512
A100-SXM4-40GB MIG 1g.5gb, 1404
A100-SXM4-40GB MIG 1g.5gb, 1584
A100-SXM4-40GB MIG 1g.5gb, 1296
A100-SXM4-40GB MIG 1g.5gb, 1548
A100-SXM4-40GB MIG 1g.5gb, 1440
A100-SXM4-40GB MIG 1g.5gb, 1260
A100-SXM4-40GB MIG 1g.5gb, 1512
A100-SXM4-40GB MIG 1g.5gb, 1404
A100-SXM4-40GB MIG 1g.5gb, 1404
A100-SXM4-40GB MIG 1g.5gb, 1368
A100-SXM4-40GB MIG 1g.5gb, 1512
A100-SXM4-40GB MIG 1g.5gb, 1296
A100-SXM4-40GB MIG 1g.5gb, 1548
A100-SXM4-40GB MIG 1g.5gb, 1404
A100-SXM4-40GB MIG 1g.5gb, 1296
A100-SXM4-40GB MIG 1g.5gb, 1512
A100-SXM4-40GB MIG 1g.5gb, 1404
A100-SXM4-40GB MIG 1g.5gb, 1332
A100-SXM4-40GB MIG 1g.5gb, 1656
A100-SXM4-40GB MIG 1g.5gb, 1440
A100-SXM4-40GB MIG 1g.5gb, 1584
A100-SXM4-40GB MIG 1g.5gb, 1440
A100-SXM4-40GB MIG 1g.5gb, 1512
A100-SXM4-40GB MIG 1g.5gb, 1332
A100-SXM4-40GB MIG 1g.5gb, 1440
A100-SXM4-40GB MIG 1g.5gb, 1620
A100-SXM4-40GB MIG 1g.5gb, 1332
A100-SXM4-40GB MIG 1g.5gb, 1332
A100-SXM4-40GB MIG 1g.5gb, 1548
A100-SXM4-40GB MIG 1g.5gb, 1476
A100-SXM4-40GB MIG 1g.5gb, 1296
A100-SXM4-40GB MIG 1g.5gb, 1368
A100-SXM4-40GB MIG 1g.5gb, 1404
A100-SXM4-40GB MIG 1g.5gb, 1404
A100-SXM4-40GB MIG 1g.5gb, 1476
A100-SXM4-40GB MIG 1g.5gb, 1296
A100-SXM4-40GB MIG 1g.5gb, 1404
A100-SXM4-40GB MIG 1g.5gb, 1440
A100-SXM4-40GB MIG 1g.5gb, 1332
A100-SXM4-40GB MIG 1g.5gb, 1224
A100-SXM4-40GB MIG 1g.5gb, 1548
A100-SXM4-40GB MIG 1g.5gb, 1440
A100-SXM4-40GB MIG 1g.5gb, 1584
A100-SXM4-40GB MIG 1g.5gb, 1440
A100-SXM4-40GB MIG 1g.5gb, 1332
A100-SXM4-40GB MIG 1g.5gb, 1476
A100-SXM4-40GB MIG 1g.5gb, 1404
A100-SXM4-40GB MIG 1g.5gb, 1512
A100-SXM4-40GB MIG 1g.5gb, 1404
A100-SXM4-40GB MIG 1g.5gb, 1404
A100-SXM4-40GB MIG 1g.5gb, 1332
A100-SXM4-40GB MIG 1g.5gb, 1404
A100-SXM4-40GB MIG 1g.5gb, 1368
A100-SXM4-40GB MIG 1g.5gb, 1476
A100-SXM4-40GB MIG 1g.5gb, 1440
A100-SXM4-40GB MIG 1g.5gb, 1224
A100-SXM4-40GB MIG 1g.5gb, 1260
A100-SXM4-40GB MIG 1g.5gb, 1368
A100-SXM4-40GB MIG 1g.5gb, 1584
A100-SXM4-40GB MIG 1g.5gb, 1332
A100-SXM4-40GB MIG 1g.5gb, 1332
A100-SXM4-40GB MIG 1g.5gb, 1440
A100-SXM4-40GB MIG 1g.5gb, 1332
A100-SXM4-40GB MIG 1g.5gb, 1404
A100-SXM4-40GB MIG 1g.5gb, 1368
A100-SXM4-40GB MIG 1g.5gb, 1260
A100-SXM4-40GB MIG 1g.5gb, 1548
A100-SXM4-40GB MIG 1g.5gb, 1548
A100-SXM4-40GB MIG 1g.5gb, 1224
A100-SXM4-40GB MIG 1g.5gb, 1476
A100-SXM4-40GB MIG 1g.5gb, 1548
A100-SXM4-40GB MIG 1g.5gb, 1548
A100-SXM4-40GB MIG 1g.5gb, 1440
A100-SXM4-40GB MIG 1g.5gb, 1296
A100-SXM4-40GB MIG 1g.5gb, 1332
A100-SXM4-40GB MIG 1g.5gb, 1296
A100-SXM4-40GB MIG 1g.5gb, 1404
A100-SXM4-40GB MIG 1g.5gb, 1548
A100-SXM4-40GB MIG 1g.5gb, 1260
A100-SXM4-40GB MIG 1g.5gb, 1224
A100-SXM4-40GB MIG 1g.5gb, 1440
A100-SXM4-40GB MIG 1g.5gb, 1260
A100-SXM4-40GB MIG 1g.5gb, 1548
A100-SXM4-40GB MIG 1g.5gb, 1260
A100-SXM4-40GB MIG 1g.5gb, 1620
A100-SXM4-40GB MIG 1g.5gb, 1404
A100-SXM4-40GB MIG 1g.5gb, 1332
A100-SXM4-40GB MIG 1g.5gb, 1332
A100-SXM4-40GB MIG 1g.5gb, 1368
A100-SXM4-40GB MIG 1g.5gb, 1512
A100-SXM4-40GB MIG 1g.5gb, 1368
A100-SXM4-40GB MIG 1g.5gb, 1512
A100-SXM4-40GB MIG 1g.5gb, 1512
A100-SXM4-40GB MIG 1g.5gb, 1548
A100-SXM4-40GB MIG 1g.5gb, 1548
A100-SXM4-40GB MIG 1g.5gb, 1440
A100-SXM4-40GB MIG 1g.5gb, 1224
A100-SXM4-40GB MIG 1g.5gb, 1296
A100-SXM4-40GB MIG 1g.5gb, 1440
A100-SXM4-40GB MIG 1g.5gb, 1368
A100-SXM4-40GB MIG 1g.5gb, 1440
A100-SXM4-40GB MIG 1g.5gb, 1188
A100-SXM4-40GB MIG 1g.5gb, 1548
A100-SXM4-40GB MIG 1g.5gb, 1332
A100-SXM4-40GB MIG 1g.5gb, 1440
A100-SXM4-40GB MIG 1g.5gb, 1476
A100-SXM4-40GB MIG 1g.5gb, 1440
A100-SXM4-40GB MIG 1g.5gb, 1404
A100-SXM4-40GB MIG 1g.5gb, 1368
A100-SXM4-40GB MIG 1g.5gb, 1584
A100-SXM4-40GB MIG 1g.5gb, 1548
A100-SXM4-40GB MIG 1g.5gb, 1440
A100-SXM4-40GB MIG 1g.5gb, 1332
A100-SXM4-40GB MIG 1g.5gb, 1476
A100-SXM4-40GB MIG 1g.5gb, 1368
A100-SXM4-40GB MIG 1g.5gb, 1548
A100-SXM4-40GB MIG 1g.5gb, 1476
A100-SXM4-40GB MIG 1g.5gb, 1368
A100-SXM4-40GB MIG 1g.5gb, 1512
A100-SXM4-40GB MIG 1g.5gb, 1260
A100-SXM4-40GB MIG 1g.5gb, 1260
A100-SXM4-40GB MIG 1g.5gb, 1584
A100-SXM4-40GB MIG 1g.5gb, 1368
A100-SXM4-40GB MIG 1g.5gb, 1584
A100-SXM4-40GB MIG 1g.5gb, 1224
A100-SXM4-40GB MIG 1g.5gb, 1620
A100-SXM4-40GB MIG 1g.5gb, 1404
A100-SXM4-40GB MIG 1g.5gb, 1404
A100-SXM4-40GB MIG 1g.5gb, 1476
A100-SXM4-40GB MIG 1g.5gb, 1260
A100-SXM4-40GB MIG 1g.5gb, 1548
A100-SXM4-40GB MIG 1g.5gb, 1368
A100-SXM4-40GB MIG 1g.5gb, 1620
A100-SXM4-40GB MIG 1g.5gb, 1440
A100-SXM4-40GB MIG 1g.5gb, 1440
A100-SXM4-40GB MIG 1g.5gb, 1548
A100-SXM4-40GB MIG 1g.5gb, 1368
A100-SXM4-40GB MIG 1g.5gb, 1512
A100-SXM4-40GB MIG 1g.5gb, 1548
A100-SXM4-40GB MIG 1g.5gb, 1404
A100-SXM4-40GB MIG 1g.5gb, 1260
A100-SXM4-40GB MIG 1g.5gb, 1440
A100-SXM4-40GB MIG 1g.5gb, 1224
A100-SXM4-40GB MIG 1g.5gb, 1440
A100-SXM4-40GB MIG 1g.5gb, 1332
A100-SXM4-40GB MIG 1g.5gb, 1512
A100-SXM4-40GB MIG 1g.5gb, 1404
A100-SXM4-40GB MIG 1g.5gb, 1188
A100-SXM4-40GB MIG 1g.5gb, 1332
A100-SXM4-40GB MIG 1g.5gb, 1548
A100-SXM4-40GB MIG 1g.5gb, 1404
A100-SXM4-40GB MIG 1g.5gb, 1548
A100-SXM4-40GB MIG 1g.5gb, 1260
A100-SXM4-40GB MIG 1g.5gb, 1512
A100-SXM4-40GB MIG 1g.5gb, 1296
A100-SXM4-40GB MIG 1g.5gb, 1404
A100-SXM4-40GB MIG 1g.5gb, 1332
A100-SXM4-40GB MIG 1g.5gb, 1404
A100-SXM4-40GB MIG 1g.5gb, 1260
A100-SXM4-40GB MIG 1g.5gb, 1548
A100-SXM4-40GB MIG 1g.5gb, 1368
A100-SXM4-40GB MIG 1g.5gb, 1512
A100-SXM4-40GB MIG 1g.5gb, 1260
A100-SXM4-40GB MIG 1g.5gb, 1368
A100-SXM4-40GB MIG 1g.5gb, 1404
A100-SXM4-40GB MIG 1g.5gb, 1332
A100-SXM4-40GB MIG 1g.5gb, 1548
A100-SXM4-40GB MIG 1g.5gb, 1260
A100-SXM4-40GB MIG 1g.5gb, 1440
A100-SXM4-40GB MIG 1g.5gb, 1332
A100-SXM4-40GB MIG 1g.5gb, 1224
A100-SXM4-40GB MIG 1g.5gb, 1296
A100-SXM4-40GB MIG 1g.5gb, 1404
A100-SXM4-40GB MIG 1g.5gb, 1296
A100-SXM4-40GB MIG 1g.5gb, 1440
A100-SXM4-40GB MIG 1g.5gb, 1260
A100-SXM4-40GB MIG 1g.5gb, 1224
A100-SXM4-40GB MIG 1g.5gb, 1368
A100-SXM4-40GB MIG 1g.5gb, 1548
A100-SXM4-40GB MIG 1g.5gb, 1260
A100-SXM4-40GB MIG 1g.5gb, 1368
A100-SXM4-40GB MIG 1g.5gb, 1512
A100-SXM4-40GB MIG 1g.5gb, 1584
A100-SXM4-40GB MIG 1g.5gb, 1332
A100-SXM4-40GB MIG 1g.5gb, 1368
A100-SXM4-40GB MIG 1g.5gb, 1548
A100-SXM4-40GB MIG 1g.5gb, 1476
A100-SXM4-40GB MIG 1g.5gb, 1440
A100-SXM4-40GB MIG 1g.5gb, 1368
A100-SXM4-40GB MIG 1g.5gb, 1368
A100-SXM4-40GB MIG 1g.5gb, 1440
A100-SXM4-40GB MIG 1g.5gb, 1224
A100-SXM4-40GB MIG 1g.5gb, 1548
A100-SXM4-40GB MIG 1g.5gb, 1368
A100-SXM4-40GB MIG 1g.5gb, 1260
A100-SXM4-40GB MIG 1g.5gb, 1512
A100-SXM4-40GB MIG 1g.5gb, 1440
A100-SXM4-40GB MIG 1g.5gb, 1224
A100-SXM4-40GB MIG 1g.5gb, 1548
A100-SXM4-40GB MIG 1g.5gb, 1368
A100-SXM4-40GB MIG 1g.5gb, 1548
A100-SXM4-40GB MIG 1g.5gb, 1224
A100-SXM4-40GB MIG 1g.5gb, 1332
A100-SXM4-40GB MIG 1g.5gb, 1404
A100-SXM4-40GB MIG 1g.5gb, 1260
A100-SXM4-40GB MIG 1g.5gb, 1440
A100-SXM4-40GB MIG 1g.5gb, 1296
A100-SXM4-40GB MIG 1g.5gb, 1512
A100-SXM4-40GB MIG 1g.5gb, 1476
A100-SXM4-40GB MIG 1g.5gb, 1404
A100-SXM4-40GB MIG 1g.5gb, 1404
A100-SXM4-40GB MIG 1g.5gb, 1584
A100-SXM4-40GB MIG 1g.5gb, 1332
A100-SXM4-40GB MIG 1g.5gb, 1332
A100-SXM4-40GB MIG 1g.5gb, 1584
A100-SXM4-40GB MIG 1g.5gb, 1260
A100-SXM4-40GB MIG 1g.5gb, 1368
A100-SXM4-40GB MIG 1g.5gb, 1296
A100-SXM4-40GB MIG 1g.5gb, 1440
A100-SXM4-40GB MIG 1g.5gb, 1368
A100-SXM4-40GB MIG 1g.5gb, 1368
A100-SXM4-40GB MIG 1g.5gb, 1584
A100-SXM4-40GB MIG 1g.5gb, 1548
A100-SXM4-40GB MIG 1g.5gb, 1548
A100-SXM4-40GB MIG 1g.5gb, 1224
A100-SXM4-40GB MIG 1g.5gb, 1404
A100-SXM4-40GB MIG 1g.5gb, 1548
A100-SXM4-40GB MIG 1g.5gb, 1440
A100-SXM4-40GB MIG 1g.5gb, 1296
A100-SXM4-40GB MIG 1g.5gb, 1620
A100-SXM4-40GB MIG 1g.5gb, 1620
A100-SXM4-40GB MIG 1g.5gb, 1188
A100-SXM4-40GB MIG 1g.5gb, 1368
A100-SXM4-40GB MIG 1g.5gb, 1512
A100-SXM4-40GB MIG 1g.5gb, 1260
A100-SXM4-40GB MIG 1g.5gb, 1368
A100-SXM4-40GB MIG 1g.5gb, 1440
A100-SXM4-40GB MIG 1g.5gb, 1224
A100-SXM4-40GB MIG 1g.5gb, 1548
A100-SXM4-40GB MIG 1g.5gb, 1296
A100-SXM4-40GB MIG 1g.5gb, 1476
A100-SXM4-40GB MIG 1g.5gb, 1224
A100-SXM4-40GB MIG 1g.5gb, 1548
A100-SXM4-40GB MIG 1g.5gb, 1368
A100-SXM4-40GB MIG 1g.5gb, 1260
A100-SXM4-40GB MIG 1g.5gb, 1512
A100-SXM4-40GB MIG 1g.5gb, 1332
A100-SXM4-40GB MIG 1g.5gb, 1440
A100-SXM4-40GB MIG 1g.5gb, 1260
A100-SXM4-40GB MIG 1g.5gb, 1296
A100-SXM4-40GB MIG 1g.5gb, 1368
A100-SXM4-40GB MIG 1g.5gb, 1332
A100-SXM4-40GB MIG 1g.5gb, 1548
A100-SXM4-40GB MIG 1g.5gb, 1512
A100-SXM4-40GB MIG 1g.5gb, 1260
A100-SXM4-40GB MIG 1g.5gb, 1620
A100-SXM4-40GB MIG 1g.5gb, 1296
A100-SXM4-40GB MIG 1g.5gb, 1296
A100-SXM4-40GB MIG 1g.5gb, 1440
A100-SXM4-40GB MIG 1g.5gb, 1224
A100-SXM4-40GB MIG 1g.5gb, 1584
A100-SXM4-40GB MIG 1g.5gb, 1404
A100-SXM4-40GB MIG 1g.5gb, 1404
A100-SXM4-40GB MIG 1g.5gb, 1224
A100-SXM4-40GB MIG 1g.5gb, 1548
A100-SXM4-40GB MIG 1g.5gb, 1440
A100-SXM4-40GB MIG 1g.5gb, 1260
A100-SXM4-40GB MIG 1g.5gb, 1548
A100-SXM4-40GB MIG 1g.5gb, 1440
A100-SXM4-40GB MIG 1g.5gb, 1548
A100-SXM4-40GB MIG 1g.5gb, 1440
A100-SXM4-40GB MIG 1g.5gb, 1332
A100-SXM4-40GB MIG 1g.5gb, 1512
A100-SXM4-40GB MIG 1g.5gb, 1404
A100-SXM4-40GB MIG 1g.5gb, 1260
A100-SXM4-40GB MIG 1g.5gb, 1512
A100-SXM4-40GB MIG 1g.5gb, 1296
A100-SXM4-40GB MIG 1g.5gb, 1512
A100-SXM4-40GB MIG 1g.5gb, 1404
A100-SXM4-40GB MIG 1g.5gb, 1404
A100-SXM4-40GB MIG 1g.5gb, 1404
A100-SXM4-40GB MIG 1g.5gb, 1404
A100-SXM4-40GB MIG 1g.5gb, 1512
A100-SXM4-40GB MIG 1g.5gb, 1296
A100-SXM4-40GB MIG 1g.5gb, 1440
A100-SXM4-40GB MIG 1g.5gb, 1620
A100-SXM4-40GB MIG 1g.5gb, 1620
A100-SXM4-40GB MIG 1g.5gb, 1368
A100-SXM4-40GB MIG 1g.5gb, 1584
A100-SXM4-40GB MIG 1g.5gb, 1440
A100-SXM4-40GB MIG 1g.5gb, 1332
A100-SXM4-40GB MIG 1g.5gb, 1548
A100-SXM4-40GB MIG 1g.5gb, 1404
A100-SXM4-40GB MIG 1g.5gb, 1548
A100-SXM4-40GB MIG 1g.5gb, 1368
A100-SXM4-40GB MIG 1g.5gb, 1296
A100-SXM4-40GB MIG 1g.5gb, 1440
A100-SXM4-40GB MIG 1g.5gb, 1332
A100-SXM4-40GB MIG 1g.5gb, 1296
A100-SXM4-40GB MIG 1g.5gb, 1368
A100-SXM4-40GB MIG 1g.5gb, 1548
A100-SXM4-40GB MIG 1g.5gb, 1368
A100-SXM4-40GB MIG 1g.5gb, 1512
A100-SXM4-40GB MIG 1g.5gb, 1296
A100-SXM4-40GB MIG 1g.5gb, 1368
A100-SXM4-40GB MIG 1g.5gb, 1332
A100-SXM4-40GB MIG 1g.5gb, 1260
A100-SXM4-40GB MIG 1g.5gb, 1404
A100-SXM4-40GB MIG 1g.5gb, 1332
A100-SXM4-40GB MIG 1g.5gb, 1620
A100-SXM4-40GB MIG 1g.5gb, 1368
A100-SXM4-40GB MIG 1g.5gb, 1224
A100-SXM4-40GB MIG 1g.5gb, 1548
A100-SXM4-40GB MIG 1g.5gb, 1260
A100-SXM4-40GB MIG 1g.5gb, 1512
A100-SXM4-40GB MIG 1g.5gb, 1260
A100-SXM4-40GB MIG 1g.5gb, 1440
A100-SXM4-40GB MIG 1g.5gb, 1260
A100-SXM4-40GB MIG 1g.5gb, 1260
A100-SXM4-40GB MIG 1g.5gb, 1260
A100-SXM4-40GB MIG 1g.5gb, 1260
A100-SXM4-40GB MIG 1g.5gb, 1188
A100-SXM4-40GB MIG 1g.5gb, 1548
A100-SXM4-40GB MIG 1g.5gb, 1260
A100-SXM4-40GB MIG 1g.5gb, 1440
A100-SXM4-40GB MIG 1g.5gb, 1404
A100-SXM4-40GB MIG 1g.5gb, 1404
A100-SXM4-40GB MIG 1g.5gb, 1512
A100-SXM4-40GB MIG 1g.5gb, 1260
A100-SXM4-40GB MIG 1g.5gb, 1548
A100-SXM4-40GB MIG 1g.5gb, 1404
A100-SXM4-40GB MIG 1g.5gb, 1548
A100-SXM4-40GB MIG 1g.5gb, 1404
A100-SXM4-40GB MIG 1g.5gb, 1404
A100-SXM4-40GB MIG 1g.5gb, 1260
A100-SXM4-40GB MIG 1g.5gb, 1512
A100-SXM4-40GB MIG 1g.5gb, 1296
A100-SXM4-40GB MIG 1g.5gb, 1332
A100-SXM4-40GB MIG 1g.5gb, 1512
A100-SXM4-40GB MIG 1g.5gb, 1512
A100-SXM4-40GB MIG 1g.5gb, 1260
A100-SXM4-40GB MIG 1g.5gb, 1512
A100-SXM4-40GB MIG 1g.5gb, 1260
A100-SXM4-40GB MIG 1g.5gb, 1440
A100-SXM4-40GB MIG 1g.5gb, 1368
A100-SXM4-40GB MIG 1g.5gb, 1440
A100-SXM4-40GB MIG 1g.5gb, 1260
A100-SXM4-40GB MIG 1g.5gb, 1404
A100-SXM4-40GB MIG 1g.5gb, 1476
A100-SXM4-40GB MIG 1g.5gb, 1404
A100-SXM4-40GB MIG 1g.5gb, 1548
A100-SXM4-40GB MIG 1g.5gb, 1332
A100-SXM4-40GB MIG 1g.5gb, 1584
A100-SXM4-40GB MIG 1g.5gb, 1260
A100-SXM4-40GB MIG 1g.5gb, 1584
A100-SXM4-40GB MIG 1g.5gb, 1404
A100-SXM4-40GB MIG 1g.5gb, 1260
A100-SXM4-40GB MIG 1g.5gb, 1368
A100-SXM4-40GB MIG 1g.5gb, 1440
A100-SXM4-40GB MIG 1g.5gb, 1368
A100-SXM4-40GB MIG 1g.5gb, 1584
A100-SXM4-40GB MIG 1g.5gb, 1332
A100-SXM4-40GB MIG 1g.5gb, 1368
A100-SXM4-40GB MIG 1g.5gb, 1260
A100-SXM4-40GB MIG 1g.5gb, 1512
A100-SXM4-40GB MIG 1g.5gb, 1404
A100-SXM4-40GB MIG 1g.5gb, 1296
A100-SXM4-40GB MIG 1g.5gb, 1368
A100-SXM4-40GB MIG 1g.5gb, 1476
A100-SXM4-40GB MIG 1g.5gb, 1260
A100-SXM4-40GB MIG 1g.5gb, 1764
A100-SXM4-40GB MIG 1g.5gb, 1296
A100-SXM4-40GB MIG 1g.5gb, 1368
A100-SXM4-40GB MIG 1g.5gb, 1368
A100-SXM4-40GB MIG 1g.5gb, 1440
A100-SXM4-40GB MIG 1g.5gb, 1440
A100-SXM4-40GB MIG 1g.5gb, 1224
A100-SXM4-40GB MIG 1g.5gb, 1404
A100-SXM4-40GB MIG 1g.5gb, 1404
A100-SXM4-40GB MIG 1g.5gb, 1188
A100-SXM4-40GB MIG 1g.5gb, 1368
A100-SXM4-40GB MIG 1g.5gb, 1512
A100-SXM4-40GB MIG 1g.5gb, 1404
A100-SXM4-40GB MIG 1g.5gb, 1224
A100-SXM4-40GB MIG 1g.5gb, 1332
A100-SXM4-40GB MIG 1g.5gb, 1332
A100-SXM4-40GB MIG 1g.5gb, 1260
A100-SXM4-40GB MIG 1g.5gb, 1440
A100-SXM4-40GB MIG 1g.5gb, 1368
A100-SXM4-40GB MIG 1g.5gb, 1548
A100-SXM4-40GB MIG 1g.5gb, 1548
A100-SXM4-40GB MIG 1g.5gb, 1260
A100-SXM4-40GB MIG 1g.5gb, 1296
A100-SXM4-40GB MIG 1g.5gb, 1296
A100-SXM4-40GB MIG 1g.5gb, 1224
A100-SXM4-40GB MIG 1g.5gb, 1368
A100-SXM4-40GB MIG 1g.5gb, 1368
A100-SXM4-40GB MIG 1g.5gb, 1332
A100-SXM4-40GB MIG 1g.5gb, 1476
A100-SXM4-40GB MIG 1g.5gb, 1368
A100-SXM4-40GB MIG 1g.5gb, 1332
A100-SXM4-40GB MIG 1g.5gb, 1404
A100-SXM4-40GB MIG 1g.5gb, 1224
A100-SXM4-40GB MIG 1g.5gb, 1296
A100-SXM4-40GB MIG 1g.5gb, 1440
A100-SXM4-40GB MIG 1g.5gb, 1548
A100-SXM4-40GB MIG 1g.5gb, 1548
A100-SXM4-40GB MIG 1g.5gb, 1512
A100-SXM4-40GB MIG 1g.5gb, 1260
A100-SXM4-40GB MIG 1g.5gb, 1260
A100-SXM4-40GB MIG 1g.5gb, 1404
A100-SXM4-40GB MIG 1g.5gb, 1404
A100-SXM4-40GB MIG 1g.5gb, 1224
A100-SXM4-40GB MIG 1g.5gb, 1368
A100-SXM4-40GB MIG 1g.5gb, 1332
A100-SXM4-40GB MIG 1g.5gb, 1584
A100-SXM4-40GB MIG 1g.5gb, 1584
A100-SXM4-40GB MIG 1g.5gb, 1368
A100-SXM4-40GB MIG 1g.5gb, 1620
A100-SXM4-40GB MIG 1g.5gb, 1260
A100-SXM4-40GB MIG 1g.5gb, 1260
A100-SXM4-40GB MIG 1g.5gb, 1476
A100-SXM4-40GB MIG 1g.5gb, 1440
A100-SXM4-40GB MIG 1g.5gb, 1548
A100-SXM4-40GB MIG 1g.5gb, 1476
A100-SXM4-40GB MIG 1g.5gb, 1476
A100-SXM4-40GB MIG 1g.5gb, 1584
A100-SXM4-40GB MIG 1g.5gb, 1440
A100-SXM4-40GB MIG 1g.5gb, 1440
A100-SXM4-40GB MIG 1g.5gb, 1584
A100-SXM4-40GB MIG 1g.5gb, 1620
A100-SXM4-40GB MIG 1g.5gb, 1476
A100-SXM4-40GB MIG 1g.5gb, 1512
A100-SXM4-40GB MIG 1g.5gb, 1224
A100-SXM4-40GB MIG 1g.5gb, 1260
A100-SXM4-40GB MIG 1g.5gb, 1440
A100-SXM4-40GB MIG 1g.5gb, 1584
A100-SXM4-40GB MIG 1g.5gb, 1476
A100-SXM4-40GB MIG 1g.5gb, 1476
A100-SXM4-40GB MIG 1g.5gb, 1260
A100-SXM4-40GB MIG 1g.5gb, 1476
A100-SXM4-40GB MIG 1g.5gb, 1512
A100-SXM4-40GB MIG 1g.5gb, 1260
A100-SXM4-40GB MIG 1g.5gb, 1404
A100-SXM4-40GB MIG 1g.5gb, 1260
A100-SXM4-40GB MIG 1g.5gb, 1656
A100-SXM4-40GB MIG 1g.5gb, 1440
A100-SXM4-40GB MIG 1g.5gb, 1548
A100-SXM4-40GB MIG 1g.5gb, 1296
A100-SXM4-40GB MIG 1g.5gb, 1476
A100-SXM4-40GB MIG 1g.5gb, 1404
A100-SXM4-40GB MIG 1g.5gb, 1260
A100-SXM4-40GB MIG 1g.5gb, 1512
A100-SXM4-40GB MIG 1g.5gb, 1440
A100-SXM4-40GB MIG 1g.5gb, 1260
A100-SXM4-40GB MIG 1g.5gb, 1584
A100-SXM4-40GB MIG 1g.5gb, 1440
A100-SXM4-40GB MIG 1g.5gb, 1404
A100-SXM4-40GB MIG 1g.5gb, 1512
A100-SXM4-40GB MIG 1g.5gb, 1548
A100-SXM4-40GB MIG 1g.5gb, 1404
A100-SXM4-40GB MIG 1g.5gb, 1512
A100-SXM4-40GB MIG 1g.5gb, 1440
A100-SXM4-40GB MIG 1g.5gb, 1512
A100-SXM4-40GB MIG 1g.5gb, 1548
A100-SXM4-40GB MIG 1g.5gb, 1296
A100-SXM4-40GB MIG 1g.5gb, 1440
A100-SXM4-40GB MIG 1g.5gb, 1224
A100-SXM4-40GB MIG 1g.5gb, 1584
A100-SXM4-40GB MIG 1g.5gb, 1368
A100-SXM4-40GB MIG 1g.5gb, 1476
A100-SXM4-40GB MIG 1g.5gb, 1296
A100-SXM4-40GB MIG 1g.5gb, 1548
A100-SXM4-40GB MIG 1g.5gb, 1584
A100-SXM4-40GB MIG 1g.5gb, 1260
A100-SXM4-40GB MIG 1g.5gb, 1152
A100-SXM4-40GB MIG 1g.5gb, 1440
A100-SXM4-40GB MIG 1g.5gb, 1296
A100-SXM4-40GB MIG 1g.5gb, 1260
A100-SXM4-40GB MIG 1g.5gb, 1296
A100-SXM4-40GB MIG 1g.5gb, 1656
A100-SXM4-40GB MIG 1g.5gb, 1404
A100-SXM4-40GB MIG 1g.5gb, 1548
A100-SXM4-40GB MIG 1g.5gb, 1584
A100-SXM4-40GB MIG 1g.5gb, 1476
A100-SXM4-40GB MIG 1g.5gb, 1368
A100-SXM4-40GB MIG 1g.5gb, 1404
A100-SXM4-40GB MIG 1g.5gb, 1296
A100-SXM4-40GB MIG 1g.5gb, 1296
A100-SXM4-40GB MIG 1g.5gb, 1368
A100-SXM4-40GB MIG 1g.5gb, 1476
A100-SXM4-40GB MIG 1g.5gb, 1440
A100-SXM4-40GB MIG 1g.5gb, 1548
A100-SXM4-40GB MIG 1g.5gb, 1332
A100-SXM4-40GB MIG 1g.5gb, 1584
A100-SXM4-40GB MIG 1g.5gb, 1548
A100-SXM4-40GB MIG 1g.5gb, 1512
A100-SXM4-40GB MIG 1g.5gb, 1224
A100-SXM4-40GB MIG 1g.5gb, 1548
A100-SXM4-40GB MIG 1g.5gb, 1404
A100-SXM4-40GB MIG 1g.5gb, 1548
A100-SXM4-40GB MIG 1g.5gb, 1260
A100-SXM4-40GB MIG 1g.5gb, 1368
A100-SXM4-40GB MIG 1g.5gb, 1440
A100-SXM4-40GB MIG 1g.5gb, 1296
A100-SXM4-40GB MIG 1g.5gb, 1548
A100-SXM4-40GB MIG 1g.5gb, 1584
A100-SXM4-40GB MIG 1g.5gb, 1512
A100-SXM4-40GB MIG 1g.5gb, 1332
A100-SXM4-40GB MIG 1g.5gb, 1332
A100-SXM4-40GB MIG 1g.5gb, 1512
A100-SXM4-40GB MIG 1g.5gb, 1476
A100-SXM4-40GB MIG 1g.5gb, 1332
A100-SXM4-40GB MIG 1g.5gb, 1440
A100-SXM4-40GB MIG 1g.5gb, 1260
A100-SXM4-40GB MIG 1g.5gb, 1512
A100-SXM4-40GB MIG 1g.5gb, 1260
A100-SXM4-40GB MIG 1g.5gb, 1296
A100-SXM4-40GB MIG 1g.5gb, 1260
A100-SXM4-40GB MIG 1g.5gb, 1512
A100-SXM4-40GB MIG 1g.5gb, 1440
A100-SXM4-40GB MIG 1g.5gb, 1404
A100-SXM4-40GB MIG 1g.5gb, 1296
A100-SXM4-40GB MIG 1g.5gb, 1404
A100-SXM4-40GB MIG 1g.5gb, 1332
A100-SXM4-40GB MIG 1g.5gb, 1404
A100-SXM4-40GB MIG 1g.5gb, 1404
A100-SXM4-40GB MIG 1g.5gb, 1512
A100-SXM4-40GB MIG 1g.5gb, 1584
A100-SXM4-40GB MIG 1g.5gb, 1476
A100-SXM4-40GB MIG 1g.5gb, 1224
A100-SXM4-40GB MIG 1g.5gb, 1404
A100-SXM4-40GB MIG 1g.5gb, 1224
A100-SXM4-40GB MIG 1g.5gb, 1476
A100-SXM4-40GB MIG 1g.5gb, 1512
A100-SXM4-40GB MIG 1g.5gb, 1296
A100-SXM4-40GB MIG 1g.5gb, 1440
A100-SXM4-40GB MIG 1g.5gb, 1620
A100-SXM4-40GB MIG 1g.5gb, 1476
A100-SXM4-40GB MIG 1g.5gb, 1404
A100-SXM4-40GB MIG 1g.5gb, 1224
A100-SXM4-40GB MIG 1g.5gb, 1332
A100-SXM4-40GB MIG 1g.5gb, 1440
A100-SXM4-40GB MIG 1g.5gb, 1368
A100-SXM4-40GB MIG 1g.5gb, 1440
A100-SXM4-40GB MIG 1g.5gb, 1404
A100-SXM4-40GB MIG 1g.5gb, 1404
A100-SXM4-40GB MIG 1g.5gb, 1440
A100-SXM4-40GB MIG 1g.5gb, 1224
A100-SXM4-40GB MIG 1g.5gb, 1440
A100-SXM4-40GB MIG 1g.5gb, 1368
A100-SXM4-40GB MIG 1g.5gb, 1332
A100-SXM4-40GB MIG 1g.5gb, 1548
A100-SXM4-40GB MIG 1g.5gb, 1332
A100-SXM4-40GB MIG 1g.5gb, 1224
A100-SXM4-40GB MIG 1g.5gb, 1476
A100-SXM4-40GB MIG 1g.5gb, 1368
A100-SXM4-40GB MIG 1g.5gb, 1404
A100-SXM4-40GB MIG 1g.5gb, 1332
A100-SXM4-40GB MIG 1g.5gb, 1368
A100-SXM4-40GB MIG 1g.5gb, 1512
A100-SXM4-40GB MIG 1g.5gb, 1260
A100-SXM4-40GB MIG 1g.5gb, 1440
A100-SXM4-40GB MIG 1g.5gb, 1440
A100-SXM4-40GB MIG 1g.5gb, 1404
A100-SXM4-40GB MIG 1g.5gb, 1296
A100-SXM4-40GB MIG 1g.5gb, 1476
A100-SXM4-40GB MIG 1g.5gb, 1368
A100-SXM4-40GB MIG 1g.5gb, 1152
A100-SXM4-40GB MIG 1g.5gb, 1188
A100-SXM4-40GB MIG 1g.5gb, 1296
A100-SXM4-40GB MIG 1g.5gb, 1368
A100-SXM4-40GB MIG 1g.5gb, 1440
A100-SXM4-40GB MIG 1g.5gb, 1332
A100-SXM4-40GB MIG 1g.5gb, 1188
A100-SXM4-40GB MIG 1g.5gb, 1476
A100-SXM4-40GB MIG 1g.5gb, 1368
A100-SXM4-40GB MIG 1g.5gb, 1332
A100-SXM4-40GB MIG 1g.5gb, 1476
A100-SXM4-40GB MIG 1g.5gb, 1332
A100-SXM4-40GB MIG 1g.5gb, 1368
A100-SXM4-40GB MIG 1g.5gb, 1476
A100-SXM4-40GB MIG 1g.5gb, 1296
A100-SXM4-40GB MIG 1g.5gb, 1296
A100-SXM4-40GB MIG 1g.5gb, 1512
A100-SXM4-40GB MIG 1g.5gb, 1368
A100-SXM4-40GB MIG 1g.5gb, 1260
A100-SXM4-40GB MIG 1g.5gb, 1404
A100-SXM4-40GB MIG 1g.5gb, 1188
A100-SXM4-40GB MIG 1g.5gb, 1332
A100-SXM4-40GB MIG 1g.5gb, 1368
A100-SXM4-40GB MIG 1g.5gb, 1476
A100-SXM4-40GB MIG 1g.5gb, 1224
A100-SXM4-40GB MIG 1g.5gb, 1152
A100-SXM4-40GB MIG 1g.5gb, 1296
A100-SXM4-40GB MIG 1g.5gb, 1332
A100-SXM4-40GB MIG 1g.5gb, 1476
A100-SXM4-40GB MIG 1g.5gb, 1224
A100-SXM4-40GB MIG 2g.10gb, 936
A100-SXM4-40GB MIG 2g.10gb, 1116
A100-SXM4-40GB MIG 2g.10gb, 900
A100-SXM4-40GB MIG 2g.10gb, 936
A100-SXM4-40GB MIG 2g.10gb, 1116
A100-SXM4-40GB MIG 2g.10gb, 900
A100-SXM4-40GB MIG 2g.10gb, 1044
A100-SXM4-40GB MIG 2g.10gb, 1008
A100-SXM4-40GB MIG 2g.10gb, 864
A100-SXM4-40GB MIG 2g.10gb, 1116
A100-SXM4-40GB MIG 2g.10gb, 936
A100-SXM4-40GB MIG 2g.10gb, 1008
A100-SXM4-40GB MIG 2g.10gb, 1008
A100-SXM4-40GB MIG 2g.10gb, 864
A100-SXM4-40GB MIG 2g.10gb, 1008
A100-SXM4-40GB MIG 2g.10gb, 1116
A100-SXM4-40GB MIG 2g.10gb, 1008
A100-SXM4-40GB MIG 2g.10gb, 936
A100-SXM4-40GB MIG 2g.10gb, 864
A100-SXM4-40GB MIG 2g.10gb, 1044
A100-SXM4-40GB MIG 2g.10gb, 972
A100-SXM4-40GB MIG 2g.10gb, 1116
A100-SXM4-40GB MIG 2g.10gb, 1116
A100-SXM4-40GB MIG 2g.10gb, 972
A100-SXM4-40GB MIG 2g.10gb, 1080
A100-SXM4-40GB MIG 2g.10gb, 936
A100-SXM4-40GB MIG 2g.10gb, 1116
A100-SXM4-40GB MIG 2g.10gb, 1008
A100-SXM4-40GB MIG 2g.10gb, 936
A100-SXM4-40GB MIG 2g.10gb, 936
A100-SXM4-40GB MIG 2g.10gb, 1044
A100-SXM4-40GB MIG 2g.10gb, 1008
A100-SXM4-40GB MIG 2g.10gb, 1008
A100-SXM4-40GB MIG 2g.10gb, 936
A100-SXM4-40GB MIG 2g.10gb, 936
A100-SXM4-40GB MIG 2g.10gb, 1044
A100-SXM4-40GB MIG 2g.10gb, 1008
A100-SXM4-40GB MIG 2g.10gb, 936
A100-SXM4-40GB MIG 3g.20gb, 1044
A100-SXM4-40GB MIG 3g.20gb, 972
A100-SXM4-40GB MIG 3g.20gb, 900
A100-SXM4-40GB MIG 3g.20gb, 936
A100-SXM4-40GB MIG 3g.20gb, 972
A100-SXM4-40GB MIG 3g.20gb, 900
A100-SXM4-40GB MIG 3g.20gb, 828
A100-SXM4-40GB MIG 3g.20gb, 900
A100-SXM4-40GB MIG 3g.20gb, 864
A100-SXM4-40GB MIG 3g.20gb, 972
A100-SXM4-40GB MIG 3g.20gb, 972
A100-SXM4-40GB MIG 3g.20gb, 936
A100-SXM4-40GB MIG 3g.20gb, 1008
A100-SXM4-40GB MIG 3g.20gb, 864
A100-SXM4-40GB MIG 3g.20gb, 900
A100-SXM4-40GB MIG 3g.20gb, 936
A100-SXM4-40GB MIG 3g.20gb, 1044
A100-SXM4-40GB MIG 3g.20gb, 1044
A100-SXM4-40GB MIG 3g.20gb, 864
A100-SXM4-40GB MIG 3g.20gb, 900
A100-SXM4-40GB MIG 3g.20gb, 972
A100-SXM4-40GB MIG 3g.20gb, 1044
A100-SXM4-40GB MIG 3g.20gb, 936
A100-SXM4-40GB MIG 3g.20gb, 1008
A100-SXM4-40GB MIG 7g.40gb, 864
A100-SXM4-40GB MIG 7g.40gb, 792
A100-SXM4-40GB MIG 7g.40gb, 972
A100-SXM4-40GB MIG 7g.40gb, 936
A100-SXM4-40GB MIG 7g.40gb, 900
A100-SXM4-40GB MIG 7g.40gb, 900
A100-SXM4-40GB MIG 7g.40gb, 864
A100-SXM4-40GB MIG 7g.40gb, 792
A100-SXM4-40GB MIG 7g.40gb, 1008
A100-SXM4-40GB MIG 7g.40gb, 792
A100-SXM4-40GB MIG 7g.40gb, 756
A100-SXM4-40GB MIG 7g.40gb, 972
A100-SXM4-40GB MIG 7g.40gb, 792
A100-SXM4-40GB MIG 7g.40gb, 900
A100-SXM4-40GB MIG 7g.40gb, 792
A100-SXM4-40GB MIG 7g.40gb, 900
A100-SXM4-40GB MIG 7g.40gb, 792
A100-SXM4-40GB MIG 7g.40gb, 900
A100-SXM4-40GB MIG 7g.40gb, 900
A100-SXM4-40GB MIG 7g.40gb, 828
A100-SXM4-40GB MIG 7g.40gb, 900
A100-SXM4-40GB MIG 7g.40gb, 864
A100-SXM4-40GB MIG 7g.40gb, 828
A100-SXM4-40GB MIG 7g.40gb, 792
A100-SXM4-40GB MIG 7g.40gb, 828
A100-SXM4-40GB MIG 7g.40gb, 756
A100-SXM4-40GB MIG 7g.40gb, 972
A100-SXM4-40GB MIG 7g.40gb, 1008
A100-SXM4-40GB MIG 7g.40gb, 828
A100-SXM4-40GB MIG 7g.40gb, 1008
A100-SXM4-40GB MIG 7g.40gb, 864
A100-SXM4-40GB MIG 7g.40gb, 792
A100-SXM4-40GB MIG 7g.40gb, 828
A100-SXM4-40GB MIG 7g.40gb, 828
A100-SXM4-40GB MIG 7g.40gb, 864
A100-SXM4-40GB MIG 7g.40gb, 936
A100-SXM4-40GB MIG 7g.40gb, 864
A100-SXM4-40GB MIG 7g.40gb, 900
A100-SXM4-40GB MIG 7g.40gb, 828
A100-SXM4-40GB MIG 7g.40gb, 864
A100-SXM4-40GB MIG 7g.40gb, 828
A100-SXM4-40GB MIG 7g.40gb, 864
A100-SXM4-40GB MIG 7g.40gb, 972
A100-SXM4-40GB MIG 7g.40gb, 828
A100-SXM4-40GB MIG 7g.40gb, 792
A100-SXM4-40GB MIG 7g.40gb, 864
A100-SXM4-40GB MIG 7g.40gb, 972
A100-SXM4-40GB MIG 7g.40gb, 864
A100-SXM4-40GB MIG 7g.40gb, 792
A100-SXM4-40GB MIG 7g.40gb, 972
A100-SXM4-40GB MIG 7g.40gb, 900
A100-SXM4-40GB MIG 7g.40gb, 792
A100-SXM4-40GB MIG 7g.40gb, 1008
A100-SXM4-40GB MIG 7g.40gb, 900
A100-SXM4-40GB MIG 7g.40gb, 900
A100-SXM4-40GB MIG 7g.40gb, 828
A100-SXM4-40GB MIG 7g.40gb, 792
A100-SXM4-40GB MIG 7g.40gb, 792
A100-SXM4-40GB MIG 7g.40gb, 828
A100-SXM4-40GB MIG 7g.40gb, 792
A100-SXM4-40GB MIG 7g.40gb, 828
A100-SXM4-40GB MIG 7g.40gb, 900
A100-SXM4-40GB MIG 7g.40gb, 900
A100-SXM4-40GB MIG 7g.40gb, 864
A100-SXM4-40GB MIG 7g.40gb, 756
A100-SXM4-40GB MIG 7g.40gb, 900
A100-SXM4-40GB MIG 7g.40gb, 828
A100-SXM4-40GB MIG 7g.40gb, 900
A100-SXM4-40GB MIG 7g.40gb, 900
A100-SXM4-40GB MIG 7g.40gb, 792
A100-SXM4-40GB MIG 7g.40gb, 756
A100-SXM4-40GB MIG 7g.40gb, 900
A100-SXM4-40GB MIG 7g.40gb, 756
A100-SXM4-40GB MIG 7g.40gb, 792
A100-SXM4-40GB MIG 7g.40gb, 936
A100-SXM4-40GB MIG 7g.40gb, 900
A100-SXM4-40GB MIG 7g.40gb, 900
A100-SXM4-40GB MIG 7g.40gb, 792
A100-SXM4-40GB MIG 7g.40gb, 864
A100-SXM4-40GB MIG 7g.40gb, 828
A100-SXM4-40GB MIG 7g.40gb, 828
A100-SXM4-40GB MIG 7g.40gb, 900
A100-SXM4-40GB MIG 7g.40gb, 864
A100-SXM4-40GB MIG 7g.40gb, 864
A100-SXM4-40GB MIG 7g.40gb, 828
A100-SXM4-40GB MIG 7g.40gb, 756
A100-SXM4-40GB MIG 7g.40gb, 828
A100-SXM4-40GB MIG 7g.40gb, 756
A100-SXM4-40GB MIG 7g.40gb, 720
A100-SXM4-40GB MIG 7g.40gb, 972
A100-SXM4-40GB MIG 7g.40gb, 864
A100-SXM4-40GB MIG 7g.40gb, 756
A100-SXM4-40GB MIG 7g.40gb, 828
A100-SXM4-40GB MIG 7g.40gb, 792
A100-SXM4-40GB MIG 7g.40gb, 828
A100-SXM4-40GB MIG 7g.40gb, 972
A100-SXM4-40GB MIG 7g.40gb, 864
A100-SXM4-40GB MIG 7g.40gb, 756
A100-SXM4-40GB MIG 7g.40gb, 864
A100-SXM4-40GB MIG 7g.40gb, 828
A100-SXM4-40GB MIG 7g.40gb, 792
A100-SXM4-40GB MIG 7g.40gb, 792
A100-SXM4-40GB MIG 7g.40gb, 828
A100-SXM4-40GB MIG 7g.40gb, 864
A100-SXM4-40GB MIG 7g.40gb, 756
A100-SXM4-40GB MIG 7g.40gb, 720
A100-SXM4-40GB MIG 7g.40gb, 792
A100-SXM4-40GB MIG 7g.40gb, 828
A100-SXM4-40GB MIG 7g.40gb, 864
A100-SXM4-40GB MIG 7g.40gb, 792
A100-SXM4-40GB MIG 7g.40gb, 1008
A100-SXM4-40GB MIG 7g.40gb, 828
A100-SXM4-40GB MIG 7g.40gb, 936
A100-SXM4-40GB MIG 7g.40gb, 972
A100-SXM4-40GB MIG 7g.40gb, 828
A100-SXM4-40GB MIG 7g.40gb, 792
A100-SXM4-40GB MIG 7g.40gb, 900
A100-SXM4-40GB MIG 7g.40gb, 828
A100-SXM4-40GB MIG 7g.40gb, 900
A100-SXM4-40GB MIG 7g.40gb, 792
A100-SXM4-40GB MIG 7g.40gb, 936
A100-SXM4-40GB MIG 7g.40gb, 864
A100-SXM4-40GB MIG 7g.40gb, 756
A100-SXM4-40GB MIG 7g.40gb, 864
A100-SXM4-40GB MIG 7g.40gb, 828
A100-SXM4-40GB MIG 7g.40gb, 756
A100-SXM4-40GB MIG 7g.40gb, 792
A100-SXM4-40GB MIG 7g.40gb, 792
A100-SXM4-40GB MIG 7g.40gb, 864
A100-SXM4-40GB MIG 7g.40gb, 972
A100-SXM4-40GB MIG 7g.40gb, 792
A100-SXM4-40GB MIG 7g.40gb, 828
A100-SXM4-40GB MIG 7g.40gb, 972
A100-SXM4-40GB MIG 7g.40gb, 900
A100-SXM4-40GB MIG 7g.40gb, 756
A100-SXM4-40GB MIG 7g.40gb, 972
A100-SXM4-40GB MIG 7g.40gb, 792
A100-SXM4-40GB MIG 7g.40gb, 864
A100-SXM4-40GB MIG 7g.40gb, 864
A100-SXM4-40GB MIG 7g.40gb, 900
A100-SXM4-40GB MIG 7g.40gb, 756
A100-SXM4-40GB MIG 7g.40gb, 864
A100-SXM4-40GB MIG 7g.40gb, 792
A100-SXM4-40GB MIG 7g.40gb, 828
A100-SXM4-40GB MIG 7g.40gb, 864
A100-SXM4-40GB MIG 7g.40gb, 864
A100-SXM4-40GB MIG 7g.40gb, 756
A100-SXM4-40GB MIG 7g.40gb, 792
A100-SXM4-40GB MIG 7g.40gb, 900
A100-SXM4-40GB MIG 7g.40gb, 900
A100-SXM4-40GB MIG 7g.40gb, 792
A100-SXM4-40GB MIG 7g.40gb, 828
A100-SXM4-40GB MIG 7g.40gb, 792
A100-SXM4-40GB MIG 7g.40gb, 864
A100-SXM4-40GB MIG 7g.40gb, 864
A100-SXM4-40GB MIG 7g.40gb, 936
A100-SXM4-40GB MIG 7g.40gb, 972
A100-SXM4-40GB MIG 7g.40gb, 864
A100-SXM4-40GB MIG 7g.40gb, 828
A100-SXM4-40GB MIG 7g.40gb, 828
A100-SXM4-40GB MIG 7g.40gb, 972
A100-SXM4-40GB MIG 7g.40gb, 900
A100-SXM4-40GB MIG 7g.40gb, 792
A100-SXM4-40GB MIG 7g.40gb, 792
A100-SXM4-40GB MIG 7g.40gb, 756
A100-SXM4-40GB MIG 7g.40gb, 864
A100-SXM4-40GB MIG 7g.40gb, 900
A100-SXM4-40GB MIG 7g.40gb, 792
A100-SXM4-40GB MIG 7g.40gb, 972
A100-SXM4-40GB MIG 7g.40gb, 1008
A100-SXM4-40GB MIG 7g.40gb, 792
A100-SXM4-40GB MIG 7g.40gb, 828
A100-SXM4-40GB MIG 7g.40gb, 828
A100-SXM4-40GB MIG 7g.40gb, 864
A100-SXM4-40GB MIG 7g.40gb, 756
A100-SXM4-40GB MIG 7g.40gb, 720
A100-SXM4-40GB MIG 7g.40gb, 828
A100-SXM4-40GB MIG 7g.40gb, 936
A100-SXM4-40GB MIG 7g.40gb, 828
A100-SXM4-40GB MIG 7g.40gb, 864
A100-SXM4-40GB MIG 7g.40gb, 756
A100-SXM4-40GB MIG 7g.40gb, 864
A100-SXM4-40GB MIG 7g.40gb, 828
A100-SXM4-40GB MIG 7g.40gb, 756
A100-SXM4-40GB MIG 7g.40gb, 864
A100-SXM4-40GB MIG 7g.40gb, 792
A100-SXM4-40GB MIG 7g.40gb, 828
A100-SXM4-40GB MIG 7g.40gb, 864
A100-SXM4-40GB MIG 7g.40gb, 828
A100-SXM4-40GB MIG 7g.40gb, 1008
A100-SXM4-40GB MIG 7g.40gb, 864
A100-SXM4-40GB MIG 7g.40gb, 900
A100-SXM4-40GB MIG 7g.40gb, 756
A100-SXM4-40GB MIG 7g.40gb, 864
A100-SXM4-40GB MIG 7g.40gb, 828
A100-SXM4-40GB MIG 7g.40gb, 864
A100-SXM4-40GB MIG 7g.40gb, 792
A100-SXM4-40GB MIG 7g.40gb, 828
A100-SXM4-40GB MIG 7g.40gb, 792
A100-SXM4-40GB MIG 7g.40gb, 792
A100-SXM4-40GB MIG 7g.40gb, 864
A100-SXM4-40GB MIG 7g.40gb, 792
A100-SXM4-40GB MIG 7g.40gb, 864
A100-SXM4-40GB MIG 7g.40gb, 828
A100-SXM4-40GB MIG 7g.40gb, 792
A100-SXM4-40GB MIG 7g.40gb, 792
A100-SXM4-40GB MIG 7g.40gb, 792
A100-SXM4-40GB MIG 7g.40gb, 792
A100-SXM4-40GB MIG 7g.40gb, 756
A100-SXM4-40GB MIG 7g.40gb, 864
A100-SXM4-40GB MIG 7g.40gb, 828
A100-SXM4-40GB MIG 7g.40gb, 936
A100-SXM4-40GB MIG 7g.40gb, 864
A100-SXM4-40GB MIG 7g.40gb, 900
A100-SXM4-40GB MIG 7g.40gb, 864
A100-SXM4-40GB MIG 7g.40gb, 936
A100-SXM4-40GB MIG 7g.40gb, 792
A100-SXM4-40GB MIG 7g.40gb, 972
A100-SXM4-40GB MIG 7g.40gb, 1008
A100-SXM4-40GB MIG 7g.40gb, 828
A100-SXM4-40GB MIG 7g.40gb, 756
A100-SXM4-40GB MIG 7g.40gb, 864
A100-SXM4-40GB MIG 7g.40gb, 972
A100-SXM4-40GB MIG 7g.40gb, 792
A100-SXM4-40GB MIG 7g.40gb, 864
A100-SXM4-40GB MIG 7g.40gb, 900
A100-SXM4-40GB MIG 7g.40gb, 756
A100-SXM4-40GB MIG 7g.40gb, 792
A100-SXM4-40GB MIG 7g.40gb, 900
A100-SXM4-40GB MIG 7g.40gb, 864
A100-SXM4-40GB MIG 7g.40gb, 900
A100-SXM4-40GB MIG 7g.40gb, 756
A100-SXM4-40GB MIG 7g.40gb, 972
A100-SXM4-40GB MIG 7g.40gb, 792
A100-SXM4-40GB MIG 7g.40gb, 972
A100-SXM4-40GB MIG 7g.40gb, 828
A100-SXM4-40GB MIG 7g.40gb, 792
A100-SXM4-40GB MIG 7g.40gb, 1008
A100-SXM4-40GB MIG 7g.40gb, 792
A100-SXM4-40GB MIG 7g.40gb, 972
A100-SXM4-40GB MIG 7g.40gb, 828
A100-SXM4-40GB MIG 7g.40gb, 828
A100-SXM4-40GB MIG 7g.40gb, 720
A100-SXM4-40GB MIG 7g.40gb, 864
A100-SXM4-40GB MIG 7g.40gb, 900
A100-SXM4-40GB MIG 7g.40gb, 792
A100-SXM4-40GB MIG 7g.40gb, 864
A100-SXM4-40GB MIG 7g.40gb, 864
A100-SXM4-40GB MIG 7g.40gb, 792
A100-SXM4-40GB MIG 7g.40gb, 864
A100-SXM4-40GB MIG 7g.40gb, 828
A100-SXM4-40GB MIG 7g.40gb, 972
A100-SXM4-40GB MIG 7g.40gb, 864
A100-SXM4-40GB MIG 7g.40gb, 828
A100-SXM4-40GB MIG 7g.40gb, 792
A100-SXM4-40GB MIG 7g.40gb, 828
A100-SXM4-40GB MIG 7g.40gb, 972
A100-SXM4-40GB MIG 7g.40gb, 900
A100-SXM4-40GB MIG 7g.40gb, 756
A100-SXM4-40GB MIG 7g.40gb, 936
A100-SXM4-40GB MIG 7g.40gb, 900
A100-SXM4-40GB MIG 7g.40gb, 864
A100-SXM4-40GB MIG 7g.40gb, 756
A100-SXM4-40GB MIG 7g.40gb, 972
A100-SXM4-40GB MIG 7g.40gb, 864
A100-SXM4-40GB MIG 7g.40gb, 864
A100-SXM4-40GB MIG 7g.40gb, 900
A100-SXM4-40GB MIG 7g.40gb, 756
A100-SXM4-40GB MIG 7g.40gb, 756
A100-SXM4-40GB MIG 7g.40gb, 864
A100-SXM4-40GB MIG 7g.40gb, 864
A100-SXM4-40GB MIG 7g.40gb, 900
A100-SXM4-40GB MIG 7g.40gb, 972
A100-SXM4-40GB MIG 7g.40gb, 864
A100-SXM4-40GB MIG 7g.40gb, 792
A100-SXM4-40GB MIG 7g.40gb, 828
A100-SXM4-40GB MIG 7g.40gb, 756
A100-SXM4-40GB MIG 7g.40gb, 828
A100-SXM4-40GB MIG 7g.40gb, 756
A100-SXM4-40GB MIG 7g.40gb, 864
A100-SXM4-40GB MIG 7g.40gb, 972
A100-SXM4-40GB MIG 7g.40gb, 756
A100-SXM4-40GB MIG 7g.40gb, 792
A100-SXM4-40GB MIG 7g.40gb, 792
A100-SXM4-40GB MIG 7g.40gb, 900
A100-SXM4-40GB MIG 7g.40gb, 828
A100-SXM4-40GB MIG 7g.40gb, 864
A100-SXM4-40GB MIG 7g.40gb, 864
A100-SXM4-40GB MIG 7g.40gb, 972
A100-SXM4-40GB MIG 7g.40gb, 828
A100-SXM4-40GB MIG 7g.40gb, 972
A100-SXM4-40GB MIG 7g.40gb, 756
A100-SXM4-40GB MIG 7g.40gb, 792
A100-SXM4-40GB MIG 7g.40gb, 864
A100-SXM4-40GB MIG 7g.40gb, 828
A100-SXM4-40GB MIG 7g.40gb, 792
A100-SXM4-40GB MIG 7g.40gb, 828
A100-SXM4-40GB MIG 7g.40gb, 936
A100-SXM4-40GB MIG 7g.40gb, 972
A100-SXM4-40GB MIG 7g.40gb, 900
A100-SXM4-40GB MIG 7g.40gb, 792
A100-SXM4-40GB MIG 7g.40gb, 792
A100-SXM4-40GB MIG 7g.40gb, 828
A100-SXM4-40GB MIG 7g.40gb, 792
A100-SXM4-40GB MIG 7g.40gb, 900
A100-SXM4-40GB MIG 7g.40gb, 864
A100-SXM4-40GB MIG 7g.40gb, 828
A100-SXM4-40GB MIG 7g.40gb, 864
A100-SXM4-40GB MIG 7g.40gb, 828
A100-SXM4-40GB MIG 7g.40gb, 792
A100-SXM4-40GB MIG 7g.40gb, 756
A100-SXM4-40GB MIG 7g.40gb, 936
A100-SXM4-40GB MIG 7g.40gb, 828
A100-SXM4-40GB MIG 7g.40gb, 1008
A100-SXM4-40GB MIG 7g.40gb, 864
A100-SXM4-40GB MIG 7g.40gb, 864
A100-SXM4-40GB MIG 7g.40gb, 900
A100-SXM4-40GB MIG 7g.40gb, 1008
A100-SXM4-40GB MIG 7g.40gb, 792
A100-SXM4-40GB MIG 7g.40gb, 864
A100-SXM4-40GB MIG 7g.40gb, 864
A100-SXM4-40GB MIG 7g.40gb, 900
Tesla T4, 1008
Tesla T4, 936
Tesla T4, 828
Tesla T4, 972
Tesla T4, 900
Tesla T4, 828
Tesla T4, 864
Tesla T4, 900
Tesla T4, 864
Tesla T4, 900
Tesla T4, 900
Tesla T4, 828
Tesla T4, 900
Tesla T4, 864
Tesla T4, 1044
Tesla T4, 1008
Tesla T4, 864
Tesla T4, 936
Tesla T4, 1008
Tesla T4, 972
Tesla T4, 792
Tesla T4, 900
Tesla T4, 900
Tesla T4, 1008
Tesla T4, 972
Tesla T4, 900
Tesla T4, 900
Tesla T4, 864
Tesla T4, 936
Tesla T4, 828
Tesla T4, 828
Tesla T4, 936
Tesla T4, 972
Tesla T4, 1044
Tesla T4, 828
Tesla T4, 864
Tesla T4, 936
Tesla T4, 900
Tesla T4, 828
Tesla T4, 864
Tesla T4, 792
Tesla T4, 936
Tesla T4, 792
Tesla T4, 1008
Tesla T4, 900
Tesla T4, 900
Tesla T4, 972
Tesla T4, 864
Tesla T4, 828
Tesla T4, 900
Tesla T4, 972
Tesla T4, 1008
Tesla T4, 936
Tesla T4, 864
Tesla T4, 972
Tesla T4, 828
Tesla T4, 792
Tesla T4, 1044
Tesla T4, 864
Tesla T4, 792
Tesla T4, 972
Tesla T4, 1080
Tesla T4, 936
Tesla T4, 828
Tesla T4, 864
Tesla T4, 972
Tesla T4, 900
Tesla T4, 792
Tesla T4, 792
Tesla T4, 936
Tesla T4, 900
Tesla T4, 900
Tesla T4, 972
Tesla T4, 864
Tesla T4, 900
Tesla T4, 936
Tesla T4, 864
Tesla T4, 792
Tesla T4, 972
Tesla T4, 972
Tesla T4, 900
Tesla T4, 1044
Tesla T4, 792
Tesla T4, 864
Tesla T4, 1044
Tesla T4, 900
Tesla T4, 900
Tesla T4, 1008
Tesla T4, 1044
Tesla T4, 936
Tesla T4, 1044
Tesla T4, 900
Tesla T4, 1044
Tesla T4, 792
Tesla T4, 864
Tesla T4, 828
Tesla T4, 828
Tesla T4, 792
Tesla T4, 972
Tesla T4, 972
Tesla T4, 972
Tesla T4, 828
Tesla T4, 792
Tesla T4, 828
Tesla T4, 1008
Tesla T4, 864
Tesla T4, 756
Tesla T4, 900
Tesla T4, 1008
Tesla T4, 828
Tesla T4, 900
Tesla T4, 1044
Tesla T4, 792
Tesla T4, 1008
Tesla T4, 900
Tesla T4, 1044
Tesla T4, 828
Tesla T4, 1080
Tesla T4, 936
Tesla T4, 900
Tesla T4, 864
Tesla T4, 1008
Tesla T4, 1008
Tesla T4, 936
Tesla T4, 864
Tesla T4, 1008
Tesla T4, 792
Tesla T4, 864
Tesla T4, 900
Tesla T4, 936
Tesla T4, 900
Tesla T4, 1080
Tesla T4, 828
Tesla T4, 1008
Tesla T4, 900
Tesla T4, 864
Tesla T4, 828
Tesla T4, 900
Tesla T4, 1008
Tesla T4, 936
Tesla T4, 828
Tesla T4, 864
Tesla T4, 792
Tesla T4, 828
Tesla T4, 972
Tesla T4, 1008
Tesla T4, 900
Tesla T4, 972
Tesla T4, 900
Tesla T4, 1044
Tesla T4, 936
Tesla T4, 828
Tesla T4, 828
Tesla T4, 1008
Tesla T4, 792
Tesla T4, 1008
Tesla T4, 1008
Tesla T4, 972
Tesla T4, 900
Tesla T4, 936
Tesla T4, 864
Tesla T4, 972
Tesla T4, 936
Tesla T4, 900
Tesla T4, 864
Tesla T4, 972
Tesla T4, 792
Tesla T4, 972
Tesla T4, 972
Tesla T4, 1008
Tesla T4, 972
Tesla T4, 1044
Tesla T4, 972
Tesla T4, 828
Tesla T4, 936
Tesla T4, 864
Tesla T4, 972
Tesla T4, 828
Tesla T4, 900
Tesla T4, 972
Tesla T4, 900
Tesla T4, 1008
Tesla T4, 1008
Tesla T4, 1008
Tesla T4, 1044
Tesla T4, 792
Tesla T4, 936
Tesla T4, 900
Tesla T4, 1008
Tesla T4, 900
Tesla T4, 864
Tesla T4, 936
Tesla T4, 792
Tesla T4, 864
Tesla T4, 828
Tesla T4, 864
Tesla T4, 792
Tesla T4, 792
Tesla T4, 972
Tesla T4, 828
Tesla T4, 972
Tesla T4, 792
Tesla T4, 936
Tesla T4, 828
Tesla T4, 972
Tesla T4, 1008
Tesla T4, 792
Tesla T4, 900
Tesla T4, 972
Tesla T4, 972
Tesla T4, 864
Tesla T4, 1044
Tesla T4, 900
Tesla T4, 1008
Tesla T4, 756
Tesla T4, 972
Tesla T4, 972
Tesla T4, 936
Tesla T4, 756
Tesla T4, 756
Tesla T4, 792
Tesla T4, 900
Tesla T4, 864
Tesla T4, 1008
Tesla T4, 936
Tesla T4, 864
Tesla T4, 756
Tesla T4, 1008
Tesla T4, 900
Tesla T4, 828
Tesla T4, 1008
Tesla T4, 1152
Tesla T4, 936
Tesla T4, 972
Tesla T4, 900
Tesla T4, 792
Tesla T4, 1008
Tesla T4, 900
Tesla T4, 1008
Tesla T4, 792
Tesla T4, 972
Tesla T4, 900
Tesla T4, 1008
Tesla T4, 1044
Tesla T4, 972
Tesla T4, 900
Tesla T4, 792
Tesla T4, 828
Tesla T4, 1008
Tesla T4, 828
Tesla T4, 792
Tesla T4, 900
Tesla T4, 972
Tesla T4, 792
Tesla T4, 900
Tesla T4, 1008
Tesla T4, 792
Tesla T4, 972
Tesla T4, 936
Tesla T4, 828
Tesla T4, 972
Tesla T4, 936
Tesla T4, 828
Tesla T4, 972
Tesla T4, 900
Tesla T4, 828
Tesla T4, 900
Tesla T4, 1116
Tesla T4, 792
Tesla T4, 936
Tesla T4, 1044
Tesla T4, 828
Tesla T4, 828
Tesla T4, 972
Tesla T4, 1044
Tesla T4, 1008
Tesla T4, 864
Tesla T4, 864
Tesla T4, 792
Tesla T4, 900
Tesla T4, 936
Tesla T4, 1044
Tesla T4, 900
Tesla T4, 864
Tesla T4, 972
Tesla T4, 792
Tesla T4, 936
Tesla T4, 900
Tesla T4, 1008
Tesla T4, 828
Tesla T4, 1008
Tesla T4, 1008
Tesla T4, 1044
Tesla T4, 864
Tesla T4, 828
Tesla T4, 936
Tesla T4, 972
Tesla T4, 900
Tesla T4, 828
Tesla T4, 936
Tesla T4, 1116
Tesla T4, 972
Tesla T4, 864
Tesla T4, 900
Tesla T4, 1008
Tesla T4, 1008
Tesla T4, 936
Tesla T4, 900
Tesla T4, 792
Tesla T4, 972
Tesla T4, 828
Tesla T4, 900
Tesla T4, 864
Tesla T4, 828
Tesla T4, 864
Tesla T4, 1044
Tesla T4, 1152
Tesla T4, 864
Tesla T4, 864
Tesla T4, 1116
Tesla T4, 900
Tesla T4, 1008
Tesla T4, 864
Tesla T4, 828
Tesla T4, 1008
Tesla T4, 1008
Tesla T4, 1008
Tesla T4, 864
Tesla T4, 864
Tesla T4, 936
Tesla T4, 792
Tesla T4, 900
Tesla T4, 1080
Tesla T4, 828
Tesla T4, 972
Tesla T4, 828
Tesla T4, 972
Tesla T4, 900
Tesla T4, 1116
Tesla T4, 792
Tesla T4, 864
Tesla T4, 792
Tesla T4, 1008
Tesla T4, 900
Tesla T4, 792
Tesla T4, 792
Tesla T4, 1008
Tesla T4, 864
Tesla T4, 1008
Tesla T4, 900
Tesla T4, 828
Tesla T4, 864
Tesla T4, 828
Tesla T4, 864
Tesla T4, 864
Tesla T4, 864
Tesla T4, 1116
Tesla T4, 1008
Tesla T4, 1008
Tesla T4, 828
Tesla T4, 864
Tesla T4, 864
Tesla T4, 1152
Tesla T4, 1008
Tesla T4, 1044
Tesla T4, 936
Tesla T4, 936
Tesla T4, 936
Tesla T4, 1008
Tesla T4, 900
Tesla T4, 1008
Tesla T4, 900
Tesla T4, 936
Tesla T4, 1008
Tesla T4, 900
Tesla T4, 1008
Tesla T4, 828
Tesla T4, 1008
Tesla T4, 936
Tesla T4, 900
Tesla T4, 864
Tesla T4, 900
Tesla T4, 864
Tesla T4, 1008
Tesla T4, 900
Tesla T4, 1044
Tesla T4, 1008
Tesla T4, 900
Tesla T4, 900
Tesla T4, 1044
Tesla T4, 900
Tesla T4, 828
Tesla T4, 936
Tesla T4, 792
Tesla T4, 828
Tesla T4, 900
Tesla T4, 936
Tesla T4, 936
Tesla T4, 936
Tesla T4, 936
Tesla T4, 900
Tesla T4, 1008
Tesla T4, 1044
Tesla T4, 1008
Tesla T4, 1008
Tesla T4, 1008
Tesla T4, 900
Tesla T4, 864
Tesla T4, 864
Tesla T4, 900
Tesla T4, 828
Tesla T4, 1044
Tesla T4, 1008
Tesla T4, 792
Tesla T4, 1008
Tesla T4, 936
Tesla T4, 792
Tesla T4, 1044
Tesla T4, 1008
Tesla T4, 864
Tesla T4, 864
Tesla T4, 1008
Tesla T4, 1008
Tesla T4, 936
Tesla T4, 936
Tesla T4, 900
Tesla T4, 1008
Tesla T4, 792
Tesla T4, 1008
Tesla T4, 972
Tesla T4, 936
Tesla T4, 936
Tesla T4, 1008
Tesla T4, 864
Tesla T4, 1044
Tesla T4, 864
Tesla T4, 828
Tesla T4, 900
Tesla T4, 936
Tesla T4, 1224
Tesla T4, 936
Tesla T4, 900
Tesla T4, 864
Tesla T4, 864
Tesla T4, 1224
Tesla T4, 828
Tesla T4, 936
Tesla T4, 792
Tesla T4, 1008
Tesla T4, 792
Tesla T4, 972
Tesla T4, 936
Tesla T4, 1044
Tesla T4, 1008
Tesla T4, 1044
Tesla T4, 1008
Tesla T4, 972
Tesla T4, 972
Tesla T4, 1008
Tesla T4, 864
Tesla T4, 1152
Tesla T4, 864
Tesla T4, 1008
Tesla T4, 900
Tesla T4, 972
Tesla T4, 1044
Tesla T4, 1008
Tesla T4, 828
Tesla T4, 864
Tesla T4, 1044
Tesla T4, 864
Tesla T4, 972
Tesla T4, 972
Tesla T4, 792
Tesla T4, 972
Tesla T4, 936
Tesla T4, 828
Tesla T4, 792
Tesla T4, 900
Tesla T4, 792
Tesla T4, 828
Tesla T4, 900
Tesla T4, 936
Tesla T4, 792
Tesla T4, 936
Tesla T4, 828
Tesla T4, 1008
Tesla T4, 1008
Tesla T4, 936
Tesla T4, 1008
Tesla T4, 936
Tesla T4, 1044
Tesla T4, 972
Tesla T4, 828
Tesla T4, 900
Tesla T4, 936
Tesla T4, 864
Tesla T4, 1008
Tesla T4, 828
Tesla T4, 900
Tesla T4, 828
Tesla T4, 900
Tesla T4, 864
Tesla T4, 792
Tesla T4, 864
Tesla T4 2xShare, 1908
Tesla T4 2xShare, 1944
Tesla T4 2xShare, 1944
Tesla T4 2xShare, 2196
Tesla T4 2xShare, 2124
Tesla T4 2xShare, 2052
Tesla T4 2xShare, 2052
Tesla T4 2xShare, 1944
Tesla T4 2xShare, 2160
Tesla T4 2xShare, 1800
Tesla T4 2xShare, 1764
Tesla T4 2xShare, 1800
Tesla T4 2xShare, 1692
Tesla T4 2xShare, 1764
Tesla T4 2xShare, 2160
Tesla T4 2xShare, 1908
Tesla T4 2xShare, 2088
Tesla T4 2xShare, 1872
Tesla T4 2xShare, 2016
Tesla T4 2xShare, 1980
Tesla T4 2xShare, 1296
Tesla T4 2xShare, 1872
Tesla T4 2xShare, 1404
Tesla T4 2xShare, 1872
Tesla T4 2xShare, 1368
Tesla T4 2xShare, 1260
Tesla T4 2xShare, 1296
Tesla T4 2xShare, 1368
Tesla T4 2xShare, 1368
Tesla T4 2xShare, 1476
Tesla T4 2xShare, 1512
Tesla T4 2xShare, 1368
Tesla T4 2xShare, 1116
Tesla T4 2xShare, 1260
Tesla T4 2xShare, 2088
Tesla T4 2xShare, 1440
Tesla T4 2xShare, 1368
Tesla T4 2xShare, 1944
Tesla T4 2xShare, 1764
Tesla T4 2xShare, 1476
Tesla T4 2xShare, 1368
Tesla T4 2xShare, 2160
Tesla T4 2xShare, 1872
Tesla T4 2xShare, 1800
Tesla T4 2xShare, 1908
Tesla T4 2xShare, 1728
Tesla T4 2xShare, 1440
Tesla T4 2xShare, 1908
Tesla T4 2xShare, 1764
Tesla T4 2xShare, 1836
Tesla T4 2xShare, 1656
Tesla T4 2xShare, 1944
Tesla T4 2xShare, 1872
Tesla T4 2xShare, 1908
Tesla T4 2xShare, 1476
Tesla T4 2xShare, 1332
Tesla T4 2xShare, 1980
Tesla T4 2xShare, 1620
Tesla T4 2xShare, 1260
Tesla T4 2xShare, 1260
Tesla T4 2xShare, 1728
Tesla T4 2xShare, 1512
Tesla T4 2xShare, 1584
Tesla T4 2xShare, 1332
Tesla T4 2xShare, 1548
Tesla T4 2xShare, 1512
Tesla T4 2xShare, 1296
Tesla T4 2xShare, 1224
Tesla T4 2xShare, 1404
Tesla T4 2xShare, 1368
Tesla T4 2xShare, 1332
Tesla T4 2xShare, 1440
Tesla T4 2xShare, 1296
Tesla T4 2xShare, 1332
Tesla T4 2xShare, 1332
Tesla T4 2xShare, 1440
Tesla T4 2xShare, 1368
Tesla T4 2xShare, 1224
Tesla T4 2xShare, 1404
Tesla T4 2xShare, 1548
Tesla T4 2xShare, 1044
Tesla T4 2xShare, 1584
Tesla T4 2xShare, 1476
Tesla T4 2xShare, 1224
Tesla T4 2xShare, 1368
Tesla T4 2xShare, 1404
Tesla T4 2xShare, 1404
Tesla T4 2xShare, 1080
Tesla T4 2xShare, 1224
Tesla T4 2xShare, 1440
Tesla T4 2xShare, 1332
Tesla T4 2xShare, 1368
Tesla T4 2xShare, 1332
Tesla T4 2xShare, 1404
Tesla T4 2xShare, 1296
Tesla T4 2xShare, 1332
Tesla T4 2xShare, 1260
Tesla T4 2xShare, 1332
Tesla T4 2xShare, 1368
Tesla T4 2xShare, 1260
Tesla T4 2xShare, 1296
Tesla T4 2xShare, 1476
Tesla T4 2xShare, 1224
Tesla T4 2xShare, 1224
Tesla T4 2xShare, 1224
Tesla T4 2xShare, 1188
Tesla T4 2xShare, 1476
Tesla T4 2xShare, 1260
Tesla T4 2xShare, 1260
Tesla T4 2xShare, 1404
Tesla T4 2xShare, 1404
Tesla T4 2xShare, 1332
Tesla T4 2xShare, 1404
Tesla T4 2xShare, 1368
Tesla T4 2xShare, 1152
Tesla T4 2xShare, 1296
Tesla T4 2xShare, 1116
Tesla T4 2xShare, 1404
Tesla T4 2xShare, 1368
Tesla T4 2xShare, 1188
Tesla T4 2xShare, 1404
Tesla T4 2xShare, 1404
Tesla T4 2xShare, 1476
Tesla T4 2xShare, 1224
Tesla T4 2xShare, 1116
Tesla T4 2xShare, 1080
Tesla T4 2xShare, 972
Tesla T4 2xShare, 1476
Tesla T4 2xShare, 1152
Tesla T4 2xShare, 1152
Tesla T4 2xShare, 1188
Tesla T4 2xShare, 1224
Tesla T4 2xShare, 1188
Tesla T4 2xShare, 1152
Tesla T4 2xShare, 1260
Tesla T4 2xShare, 1260
Tesla T4 2xShare, 936
Tesla T4 2xShare, 1188
Tesla T4 2xShare, 1260
Tesla T4 2xShare, 828
Tesla T4 2xShare, 1116
Tesla T4 2xShare, 828
Tesla T4 3xShare, 900
Tesla T4 3xShare, 1800
Tesla T4 3xShare, 936
Tesla T4 3xShare, 828
Tesla T4 3xShare, 1260
Tesla T4 3xShare, 1152
Tesla T4 3xShare, 1188
Tesla T4 3xShare, 1368
Tesla T4 3xShare, 1692
Tesla T4 3xShare, 1620
Tesla T4 3xShare, 828
Tesla T4 3xShare, 864
Tesla T4 3xShare, 900
Tesla T4 3xShare, 1656
Tesla T4 3xShare, 1692
Tesla T4 3xShare, 900
Tesla T4 3xShare, 1548
Tesla T4 3xShare, 972
Tesla T4 3xShare, 900
Tesla T4 3xShare, 1944
Tesla T4 3xShare, 1152
Tesla T4 3xShare, 1620
Tesla T4 3xShare, 1116
Tesla T4 3xShare, 1296
Tesla T4 3xShare, 900
Tesla T4 3xShare, 1080
Tesla T4 3xShare, 1656
Tesla T4 3xShare, 2016
Tesla T4 3xShare, 900
Tesla T4 3xShare, 1908
Tesla T4 3xShare, 828
Tesla T4 3xShare, 1044
Tesla T4 3xShare, 1512
Tesla T4 3xShare, 864
Tesla T4 3xShare, 936
Tesla T4 3xShare, 828
Tesla T4 3xShare, 864
Tesla T4 3xShare, 1728
Tesla T4 3xShare, 1836
Tesla T4 3xShare, 1476
Tesla T4 3xShare, 1440
Tesla T4 3xShare, 864
Tesla T4 3xShare, 1152
Tesla T4 3xShare, 1728
Tesla T4 3xShare, 1692
Tesla T4 3xShare, 1620
Tesla T4 3xShare, 1512
Tesla T4 3xShare, 1548
Tesla T4 3xShare, 1908
Tesla T4 3xShare, 1836
Tesla T4 3xShare, 1944
Tesla T4 3xShare, 1908
Tesla T4 3xShare, 2016
Tesla T4 3xShare, 792
Tesla T4 3xShare, 1836
Tesla T4 3xShare, 1800
Tesla T4 3xShare, 1980
Tesla T4 3xShare, 2160
Tesla T4 3xShare, 2196
Tesla T4 3xShare, 2124
Tesla T4 3xShare, 1944
Tesla T4 3xShare, 1980
Tesla T4 3xShare, 1980
Tesla T4 3xShare, 936
Tesla V100-SXM2-16GB, 900
Tesla V100-SXM2-16GB, 864
Tesla V100-SXM2-16GB, 900
Tesla V100-SXM2-16GB, 1044
Tesla V100-SXM2-16GB, 1008
Tesla V100-SXM2-16GB, 828
Tesla V100-SXM2-16GB, 936
Tesla V100-SXM2-16GB, 864
Tesla V100-SXM2-16GB, 900
Tesla V100-SXM2-16GB, 972
Tesla V100-SXM2-16GB, 864
Tesla V100-SXM2-16GB, 936
Tesla V100-SXM2-16GB, 792
Tesla V100-SXM2-16GB, 972
Tesla V100-SXM2-16GB, 1080
Tesla V100-SXM2-16GB, 828
Tesla V100-SXM2-16GB, 864
Tesla V100-SXM2-16GB, 936
Tesla V100-SXM2-16GB, 864
Tesla V100-SXM2-16GB, 864
Tesla V100-SXM2-16GB, 900
Tesla V100-SXM2-16GB, 792
Tesla V100-SXM2-16GB, 864
Tesla V100-SXM2-16GB, 1116
Tesla V100-SXM2-16GB, 900
Tesla V100-SXM2-16GB, 828
Tesla V100-SXM2-16GB, 1008
Tesla V100-SXM2-16GB, 828
Tesla V100-SXM2-16GB, 972
Tesla V100-SXM2-16GB, 900
Tesla V100-SXM2-16GB, 936
Tesla V100-SXM2-16GB, 972
Tesla V100-SXM2-16GB, 864
Tesla V100-SXM2-16GB, 828
Tesla V100-SXM2-16GB, 936
Tesla V100-SXM2-16GB, 936
Tesla V100-SXM2-16GB, 792
Tesla V100-SXM2-16GB, 972
Tesla V100-SXM2-16GB, 972
Tesla V100-SXM2-16GB, 936
Tesla V100-SXM2-16GB, 828
Tesla V100-SXM2-16GB, 1080
Tesla V100-SXM2-16GB, 900
Tesla V100-SXM2-16GB, 1116
Tesla V100-SXM2-16GB, 1008
Tesla V100-SXM2-16GB, 1008
Tesla V100-SXM2-16GB, 1008
Tesla V100-SXM2-16GB, 900
Tesla V100-SXM2-16GB, 900
Tesla V100-SXM2-16GB, 1044
Tesla V100-SXM2-16GB, 792
Tesla V100-SXM2-16GB, 900
Tesla V100-SXM2-16GB, 1044
Tesla V100-SXM2-16GB, 936
Tesla V100-SXM2-16GB, 1008
Tesla V100-SXM2-16GB, 1044
Tesla V100-SXM2-16GB, 936
Tesla V100-SXM2-16GB, 900
Tesla V100-SXM2-16GB, 900
Tesla V100-SXM2-16GB, 864
Tesla V100-SXM2-16GB, 1044
Tesla V100-SXM2-16GB, 900
Tesla V100-SXM2-16GB, 900
Tesla V100-SXM2-16GB, 900
Tesla V100-SXM2-16GB, 1008
Tesla V100-SXM2-16GB, 864
Tesla V100-SXM2-16GB, 900
Tesla V100-SXM2-16GB, 900
Tesla V100-SXM2-16GB, 1044
Tesla V100-SXM2-16GB, 900
Tesla V100-SXM2-16GB, 900
Tesla V100-SXM2-16GB, 1008
Tesla V100-SXM2-16GB, 1044
Tesla V100-SXM2-16GB, 972
Tesla V100-SXM2-16GB, 864
Tesla V100-SXM2-16GB, 828
Tesla V100-SXM2-16GB, 864
Tesla V100-SXM2-16GB, 1044
Tesla V100-SXM2-16GB, 936
Tesla V100-SXM2-16GB, 900
Tesla V100-SXM2-16GB, 936
Tesla V100-SXM2-16GB, 1080
Tesla V100-SXM2-16GB, 828
Tesla V100-SXM2-16GB, 1080
Tesla V100-SXM2-16GB, 828
Tesla V100-SXM2-16GB, 900
Tesla V100-SXM2-16GB, 972
Tesla V100-SXM2-16GB, 900
Tesla V100-SXM2-16GB, 936
Tesla V100-SXM2-16GB, 1008
Tesla V100-SXM2-16GB, 1188
Tesla V100-SXM2-16GB, 864
Tesla V100-SXM2-16GB, 864
Tesla V100-SXM2-16GB, 1044
Tesla V100-SXM2-16GB, 864
Tesla V100-SXM2-16GB, 1044
Tesla V100-SXM2-16GB, 972
Tesla V100-SXM2-16GB, 900
Tesla V100-SXM2-16GB, 828
Tesla V100-SXM2-16GB, 900
Tesla V100-SXM2-16GB, 792
Tesla V100-SXM2-16GB, 1044
Tesla V100-SXM2-16GB, 936
Tesla V100-SXM2-16GB, 864
Tesla V100-SXM2-16GB, 1044
Tesla V100-SXM2-16GB, 972
Tesla V100-SXM2-16GB, 1008
Tesla V100-SXM2-16GB, 828
Tesla V100-SXM2-16GB, 900
Tesla V100-SXM2-16GB, 972
Tesla V100-SXM2-16GB, 1152
Tesla V100-SXM2-16GB, 936
Tesla V100-SXM2-16GB, 1008
Tesla V100-SXM2-16GB, 936
Tesla V100-SXM2-16GB, 900
Tesla V100-SXM2-16GB, 936
Tesla V100-SXM2-16GB, 1152
Tesla V100-SXM2-16GB, 1152
Tesla V100-SXM2-16GB, 936
Tesla V100-SXM2-16GB, 1044
Tesla V100-SXM2-16GB, 1080
Tesla V100-SXM2-16GB, 1044
Tesla V100-SXM2-16GB, 936
Tesla V100-SXM2-16GB, 1116
Tesla V100-SXM2-16GB, 972
Tesla V100-SXM2-16GB, 1116
Tesla V100-SXM2-16GB, 1044
Tesla V100-SXM2-16GB, 936
Tesla V100-SXM2-16GB, 936
Tesla V100-SXM2-16GB, 936
Tesla V100-SXM2-16GB, 864
Tesla V100-SXM2-16GB, 828
Tesla V100-SXM2-16GB, 900
Tesla V100-SXM2-16GB, 1008
Tesla V100-SXM2-16GB, 972
Tesla V100-SXM2-16GB, 1152
Tesla V100-SXM2-16GB, 1224
Tesla V100-SXM2-16GB, 936
Tesla V100-SXM2-16GB, 972
Tesla V100-SXM2-16GB, 1008
Tesla V100-SXM2-16GB, 1080
Tesla V100-SXM2-16GB, 936
Tesla V100-SXM2-16GB, 1044
Tesla V100-SXM2-16GB, 936
Tesla V100-SXM2-16GB, 900
Tesla V100-SXM2-16GB, 1260
Tesla V100-SXM2-16GB, 936
Tesla V100-SXM2-16GB, 1044
Tesla V100-SXM2-16GB, 936
Tesla V100-SXM2-16GB, 1008
Tesla V100-SXM2-16GB, 972
Tesla V100-SXM2-16GB, 1080
Tesla V100-SXM2-16GB, 1044
Tesla V100-SXM2-16GB, 828
Tesla V100-SXM2-16GB, 972
Tesla V100-SXM2-16GB, 1152
Tesla V100-SXM2-16GB, 900
Tesla V100-SXM2-16GB, 864
Tesla V100-SXM2-16GB, 1008
Tesla V100-SXM2-16GB, 936
Tesla V100-SXM2-16GB, 936
Tesla V100-SXM2-16GB, 1116
Tesla V100-SXM2-16GB, 1080
Tesla V100-SXM2-16GB, 828
Tesla V100-SXM2-16GB, 1152
Tesla V100-SXM2-16GB, 972
Tesla V100-SXM2-16GB, 864
Tesla V100-SXM2-16GB, 1008
Tesla V100-SXM2-16GB, 864
Tesla V100-SXM2-16GB, 900
Tesla V100-SXM2-16GB, 900
Tesla V100-SXM2-16GB, 936
Tesla V100-SXM2-16GB, 936
Tesla V100-SXM2-16GB, 936
Tesla V100-SXM2-16GB, 936
Tesla V100-SXM2-16GB, 1152
Tesla V100-SXM2-16GB, 1008
Tesla V100-SXM2-16GB, 900
Tesla V100-SXM2-16GB, 1152
Tesla V100-SXM2-16GB, 1008
Tesla V100-SXM2-16GB, 972
Tesla V100-SXM2-16GB, 900
Tesla V100-SXM2-16GB, 1044
Tesla V100-SXM2-16GB, 900
Tesla V100-SXM2-16GB, 1008
Tesla V100-SXM2-16GB, 936
Tesla V100-SXM2-16GB, 900
Tesla V100-SXM2-16GB, 900
Tesla V100-SXM2-16GB, 936
Tesla V100-SXM2-16GB, 1008
Tesla V100-SXM2-16GB, 828
Tesla V100-SXM2-16GB, 936
Tesla V100-SXM2-16GB, 900
Tesla V100-SXM2-16GB, 1080
Tesla V100-SXM2-16GB, 900
Tesla V100-SXM2-16GB, 900
Tesla V100-SXM2-16GB, 1188
Tesla V100-SXM2-16GB, 972
Tesla V100-SXM2-16GB, 936
Tesla V100-SXM2-16GB, 1044
Tesla V100-SXM2-16GB, 900
Tesla V100-SXM2-16GB, 900
Tesla V100-SXM2-16GB, 936
Tesla V100-SXM2-16GB, 864
Tesla V100-SXM2-16GB, 1008
Tesla V100-SXM2-16GB, 864
Tesla V100-SXM2-16GB, 900
Tesla V100-SXM2-16GB, 1080
Tesla V100-SXM2-16GB, 1224
Tesla V100-SXM2-16GB, 792
Tesla V100-SXM2-16GB, 1188
Tesla V100-SXM2-16GB, 972
Tesla V100-SXM2-16GB, 1044
Tesla V100-SXM2-16GB, 900
Tesla V100-SXM2-16GB, 936
Tesla V100-SXM2-16GB, 936
Tesla V100-SXM2-16GB, 1224
Tesla V100-SXM2-16GB, 900
Tesla V100-SXM2-16GB, 936
Tesla V100-SXM2-16GB, 1044
Tesla V100-SXM2-16GB, 972
Tesla V100-SXM2-16GB, 900
Tesla V100-SXM2-16GB, 1008
Tesla V100-SXM2-16GB, 1188
Tesla V100-SXM2-16GB, 864
Tesla V100-SXM2-16GB, 828
Tesla V100-SXM2-16GB, 1080
Tesla V100-SXM2-16GB, 1116
Tesla V100-SXM2-16GB, 972
Tesla V100-SXM2-16GB, 828
Tesla V100-SXM2-16GB, 1152
Tesla V100-SXM2-16GB, 1044
Tesla V100-SXM2-16GB, 864
Tesla V100-SXM2-16GB, 900
Tesla V100-SXM2-16GB, 900
Tesla V100-SXM2-16GB, 972
Tesla V100-SXM2-16GB, 864
Tesla V100-SXM2-16GB, 1080
Tesla V100-SXM2-16GB, 864
Tesla V100-SXM2-16GB, 936
Tesla V100-SXM2-16GB, 1080
Tesla V100-SXM2-16GB, 828
Tesla V100-SXM2-16GB, 936
Tesla V100-SXM2-16GB, 1080
Tesla V100-SXM2-16GB, 1044
Tesla V100-SXM2-16GB, 936
Tesla V100-SXM2-16GB, 972
Tesla V100-SXM2-16GB, 1080
Tesla V100-SXM2-16GB, 1224
Tesla V100-SXM2-16GB, 864
Tesla V100-SXM2-16GB, 936
Tesla V100-SXM2-16GB, 936
Tesla V100-SXM2-16GB, 1080
Tesla V100-SXM2-16GB, 936
Tesla V100-SXM2-16GB, 1044
Tesla V100-SXM2-16GB, 1008
Tesla V100-SXM2-16GB, 1152
Tesla V100-SXM2-16GB, 1080
Tesla V100-SXM2-16GB, 1080
Tesla V100-SXM2-16GB, 1044
Tesla V100-SXM2-16GB, 972
Tesla V100-SXM2-16GB, 972
Tesla V100-SXM2-16GB, 1152
Tesla V100-SXM2-16GB, 1044
Tesla V100-SXM2-16GB, 900
Tesla V100-SXM2-16GB, 1080
Tesla V100-SXM2-16GB, 900
Tesla V100-SXM2-16GB, 1116
Tesla V100-SXM2-16GB, 1008
Tesla V100-SXM2-16GB, 1152
Tesla V100-SXM2-16GB, 936
Tesla V100-SXM2-16GB, 1044
Tesla V100-SXM2-16GB, 1044
Tesla V100-SXM2-16GB, 1152
Tesla V100-SXM2-16GB, 972
Tesla V100-SXM2-16GB, 1080
Tesla V100-SXM2-16GB, 1080
Tesla V100-SXM2-16GB, 900
Tesla V100-SXM2-16GB, 1152
Tesla V100-SXM2-16GB, 1116
Tesla V100-SXM2-16GB, 900
Tesla V100-SXM2-16GB, 1044
Tesla V100-SXM2-16GB, 936
Tesla V100-SXM2-16GB, 1008
Tesla V100-SXM2-16GB, 936
Tesla V100-SXM2-16GB, 1044
Tesla V100-SXM2-16GB, 900
Tesla V100-SXM2-16GB, 900
Tesla V100-SXM2-16GB, 1116
Tesla V100-SXM2-16GB, 1116
Tesla V100-SXM2-16GB, 864
Tesla V100-SXM2-16GB, 972
Tesla V100-SXM2-16GB, 900
Tesla V100-SXM2-16GB, 1224
Tesla V100-SXM2-16GB, 1044
Tesla V100-SXM2-16GB, 1044
Tesla V100-SXM2-16GB, 972
Tesla V100-SXM2-16GB, 900
Tesla V100-SXM2-16GB, 900
Tesla V100-SXM2-16GB, 1008
Tesla V100-SXM2-16GB, 828
Tesla V100-SXM2-16GB, 1080
Tesla V100-SXM2-16GB 2xShare, 1152
Tesla V100-SXM2-16GB 2xShare, 1044
Tesla V100-SXM2-16GB 2xShare, 936
Tesla V100-SXM2-16GB 2xShare, 1224
Tesla V100-SXM2-16GB 2xShare, 1188
Tesla V100-SXM2-16GB 2xShare, 1224
Tesla V100-SXM2-16GB 2xShare, 1188
Tesla V100-SXM2-16GB 2xShare, 1152
Tesla V100-SXM2-16GB 2xShare, 1188
Tesla V100-SXM2-16GB 2xShare, 1008
Tesla V100-SXM2-16GB 2xShare, 1188
Tesla V100-SXM2-16GB 2xShare, 1152
Tesla V100-SXM2-16GB 2xShare, 972
Tesla V100-SXM2-16GB 2xShare, 1188
Tesla V100-SXM2-16GB 2xShare, 972
Tesla V100-SXM2-16GB 2xShare, 1080
Tesla V100-SXM2-16GB 2xShare, 1116
Tesla V100-SXM2-16GB 2xShare, 1116
Tesla V100-SXM2-16GB 2xShare, 1008
Tesla V100-SXM2-16GB 2xShare, 1188
Tesla V100-SXM2-16GB 2xShare, 1008
Tesla V100-SXM2-16GB 2xShare, 1116
Tesla V100-SXM2-16GB 2xShare, 1188
Tesla V100-SXM2-16GB 2xShare, 1080
Tesla V100-SXM2-16GB 2xShare, 1188
Tesla V100-SXM2-16GB 2xShare, 1152
Tesla V100-SXM2-16GB 2xShare, 1080
Tesla V100-SXM2-16GB 2xShare, 972
Tesla V100-SXM2-16GB 2xShare, 1080
Tesla V100-SXM2-16GB 2xShare, 1188
Tesla V100-SXM2-16GB 2xShare, 1224
Tesla V100-SXM2-16GB 2xShare, 1008
Tesla V100-SXM2-16GB 2xShare, 1152
Tesla V100-SXM2-16GB 2xShare, 1152
Tesla V100-SXM2-16GB 2xShare, 1260
Tesla V100-SXM2-16GB 2xShare, 1116
Tesla V100-SXM2-16GB 2xShare, 1260
Tesla V100-SXM2-16GB 2xShare, 1188
Tesla V100-SXM2-16GB 2xShare, 1116
Tesla V100-SXM2-16GB 2xShare, 1080
Tesla V100-SXM2-16GB 2xShare, 1188
Tesla V100-SXM2-16GB 2xShare, 1188
Tesla V100-SXM2-16GB 2xShare, 972
Tesla V100-SXM2-16GB 2xShare, 1188
Tesla V100-SXM2-16GB 2xShare, 1152
Tesla V100-SXM2-16GB 2xShare, 1044
Tesla V100-SXM2-16GB 2xShare, 1044
Tesla V100-SXM2-16GB 2xShare, 1080
Tesla V100-SXM2-16GB 2xShare, 1296
Tesla V100-SXM2-16GB 2xShare, 1152
Tesla V100-SXM2-16GB 2xShare, 1152
Tesla V100-SXM2-16GB 2xShare, 1116
Tesla V100-SXM2-16GB 2xShare, 1044
Tesla V100-SXM2-16GB 2xShare, 1080
Tesla V100-SXM2-16GB 2xShare, 1080
Tesla V100-SXM2-16GB 2xShare, 1224
Tesla V100-SXM2-16GB 2xShare, 1332
Tesla V100-SXM2-16GB 2xShare, 1224
Tesla V100-SXM2-16GB 2xShare, 1080
Tesla V100-SXM2-16GB 2xShare, 1080
Tesla V100-SXM2-16GB 2xShare, 1188
Tesla V100-SXM2-16GB 2xShare, 1008
Tesla V100-SXM2-16GB 2xShare, 1260
Tesla V100-SXM2-16GB 2xShare, 1116
Tesla V100-SXM2-16GB 2xShare, 1044
Tesla V100-SXM2-16GB 2xShare, 1116
Tesla V100-SXM2-16GB 2xShare, 1116
Tesla V100-SXM2-16GB 2xShare, 864
Tesla V100-SXM2-16GB 2xShare, 1116
Tesla V100-SXM2-16GB 2xShare, 1008
Tesla V100-SXM2-16GB 2xShare, 1044
Tesla V100-SXM2-16GB 2xShare, 1224
Tesla V100-SXM2-16GB 2xShare, 1116
Tesla V100-SXM2-16GB 2xShare, 1188
Tesla V100-SXM2-16GB 2xShare, 1260
Tesla V100-SXM2-16GB 2xShare, 1260
Tesla V100-SXM2-16GB 2xShare, 1152
Tesla V100-SXM2-16GB 2xShare, 1152
Tesla V100-SXM2-16GB 2xShare, 1296
Tesla V100-SXM2-16GB 2xShare, 1260
Tesla V100-SXM2-16GB 2xShare, 1080
Tesla V100-SXM2-16GB 2xShare, 1296
Tesla V100-SXM2-16GB 2xShare, 1152
Tesla V100-SXM2-16GB 2xShare, 1116
Tesla V100-SXM2-16GB 2xShare, 1188
Tesla V100-SXM2-16GB 2xShare, 1044
Tesla V100-SXM2-16GB 2xShare, 1116
Tesla V100-SXM2-16GB 2xShare, 1116
Tesla V100-SXM2-16GB 2xShare, 1044
Tesla V100-SXM2-16GB 2xShare, 972
Tesla V100-SXM2-16GB 2xShare, 972
Tesla V100-SXM2-16GB 2xShare, 1080
Tesla V100-SXM2-16GB 2xShare, 1116
Tesla V100-SXM2-16GB 2xShare, 1044
Tesla V100-SXM2-16GB 2xShare, 1116
Tesla V100-SXM2-16GB 2xShare, 1224
Tesla V100-SXM2-16GB 2xShare, 1116
Tesla V100-SXM2-16GB 2xShare, 1044
Tesla V100-SXM2-16GB 2xShare, 1296
Tesla V100-SXM2-16GB 2xShare, 1116
Tesla V100-SXM2-16GB 2xShare, 972
Tesla V100-SXM2-16GB 2xShare, 1116
Tesla V100-SXM2-16GB 2xShare, 1152
Tesla V100-SXM2-16GB 2xShare, 1044
Tesla V100-SXM2-16GB 2xShare, 1152
Tesla V100-SXM2-16GB 2xShare, 1044
Tesla V100-SXM2-16GB 2xShare, 900
Tesla V100-SXM2-16GB 2xShare, 1224
Tesla V100-SXM2-16GB 2xShare, 1044
Tesla V100-SXM2-16GB 2xShare, 1080
Tesla V100-SXM2-16GB 2xShare, 1044
Tesla V100-SXM2-16GB 2xShare, 1152
Tesla V100-SXM2-16GB 2xShare, 1224
Tesla V100-SXM2-16GB 2xShare, 1224
Tesla V100-SXM2-16GB 2xShare, 1008
Tesla V100-SXM2-16GB 2xShare, 1260
Tesla V100-SXM2-16GB 2xShare, 1152
Tesla V100-SXM2-16GB 2xShare, 936
Tesla V100-SXM2-16GB 2xShare, 1044
Tesla V100-SXM2-16GB 2xShare, 1296
Tesla V100-SXM2-16GB 2xShare, 1080
Tesla V100-SXM2-16GB 2xShare, 1044
Tesla V100-SXM2-16GB 2xShare, 1116
Tesla V100-SXM2-16GB 2xShare, 1152
Tesla V100-SXM2-16GB 2xShare, 1224
Tesla V100-SXM2-16GB 2xShare, 1224
Tesla V100-SXM2-16GB 2xShare, 1152
Tesla V100-SXM2-16GB 2xShare, 1008
Tesla V100-SXM2-16GB 2xShare, 1044
Tesla V100-SXM2-16GB 2xShare, 972
Tesla V100-SXM2-16GB 2xShare, 1008
Tesla V100-SXM2-16GB 2xShare, 1224
Tesla V100-SXM2-16GB 2xShare, 1080
Tesla V100-SXM2-16GB 2xShare, 828
Tesla V100-SXM2-16GB 2xShare, 1008
Tesla V100-SXM2-16GB 2xShare, 1224
Tesla V100-SXM2-16GB 2xShare, 1008
Tesla V100-SXM2-16GB 2xShare, 1188
Tesla V100-SXM2-16GB 2xShare, 972
Tesla V100-SXM2-16GB 2xShare, 1008
Tesla V100-SXM2-16GB 2xShare, 1080
Tesla V100-SXM2-16GB 2xShare, 1008
Tesla V100-SXM2-16GB 2xShare, 1080
Tesla V100-SXM2-16GB 2xShare, 936
Tesla V100-SXM2-16GB 2xShare, 1188
Tesla V100-SXM2-16GB 2xShare, 1008
Tesla V100-SXM2-16GB 2xShare, 900
Tesla V100-SXM2-16GB 2xShare, 1152
Tesla V100-SXM2-16GB 2xShare, 1224
Tesla V100-SXM2-16GB 2xShare, 1044
Tesla V100-SXM2-16GB 2xShare, 1260
Tesla V100-SXM2-16GB 2xShare, 1224
Tesla V100-SXM2-16GB 2xShare, 1116
Tesla V100-SXM2-16GB 2xShare, 1152
Tesla V100-SXM2-16GB 2xShare, 1116
Tesla V100-SXM2-16GB 2xShare, 1044
Tesla V100-SXM2-16GB 2xShare, 1008
Tesla V100-SXM2-16GB 2xShare, 1116
Tesla V100-SXM2-16GB 2xShare, 972
Tesla V100-SXM2-16GB 2xShare, 1116
Tesla V100-SXM2-16GB 2xShare, 864
Tesla V100-SXM2-16GB 2xShare, 1116
Tesla V100-SXM2-16GB 2xShare, 1080
Tesla V100-SXM2-16GB 2xShare, 1116
Tesla V100-SXM2-16GB 2xShare, 1116
Tesla V100-SXM2-16GB 2xShare, 1116
Tesla V100-SXM2-16GB 2xShare, 864
Tesla V100-SXM2-16GB 2xShare, 1044
Tesla V100-SXM2-16GB 2xShare, 1080
Tesla V100-SXM2-16GB 2xShare, 1224
Tesla V100-SXM2-16GB 2xShare, 1116
Tesla V100-SXM2-16GB 2xShare, 1008
Tesla V100-SXM2-16GB 2xShare, 1296
Tesla V100-SXM2-16GB 2xShare, 1116
Tesla V100-SXM2-16GB 2xShare, 1008
Tesla V100-SXM2-16GB 2xShare, 1008
Tesla V100-SXM2-16GB 2xShare, 864
Tesla V100-SXM2-16GB 2xShare, 1188
Tesla V100-SXM2-16GB 2xShare, 1080
Tesla V100-SXM2-16GB 2xShare, 1116
Tesla V100-SXM2-16GB 2xShare, 1116
Tesla V100-SXM2-16GB 2xShare, 1152
Tesla V100-SXM2-16GB 3xShare, 1296
Tesla V100-SXM2-16GB 3xShare, 1224
Tesla V100-SXM2-16GB 3xShare, 936
Tesla V100-SXM2-16GB 3xShare, 1296
Tesla V100-SXM2-16GB 3xShare, 1152
Tesla V100-SXM2-16GB 3xShare, 1080
Tesla V100-SXM2-16GB 3xShare, 1332
Tesla V100-SXM2-16GB 3xShare, 1512
Tesla V100-SXM2-16GB 3xShare, 1584
Tesla V100-SXM2-16GB 3xShare, 1476
Tesla V100-SXM2-16GB 3xShare, 1584
Tesla V100-SXM2-16GB 3xShare, 1548
Tesla V100-SXM2-16GB 3xShare, 1152
Tesla V100-SXM2-16GB 3xShare, 1044
Tesla V100-SXM2-16GB 3xShare, 1152
Tesla V100-SXM2-16GB 3xShare, 1260
Tesla V100-SXM2-16GB 3xShare, 1080
Tesla V100-SXM2-16GB 3xShare, 1008
Tesla V100-SXM2-16GB 3xShare, 1224
Tesla V100-SXM2-16GB 3xShare, 1512
Tesla V100-SXM2-16GB 3xShare, 1440
Tesla V100-SXM2-16GB 3xShare, 1008
Tesla V100-SXM2-16GB 3xShare, 1512
Tesla V100-SXM2-16GB 3xShare, 1152
Tesla V100-SXM2-16GB 3xShare, 864
Tesla V100-SXM2-16GB 3xShare, 1080
Tesla V100-SXM2-16GB 3xShare, 1044
Tesla V100-SXM2-16GB 3xShare, 1008
Tesla V100-SXM2-16GB 3xShare, 1224
Tesla V100-SXM2-16GB 3xShare, 1476
Tesla V100-SXM2-16GB 3xShare, 1440
Tesla V100-SXM2-16GB 3xShare, 1476
Tesla V100-SXM2-16GB 3xShare, 1116
Tesla V100-SXM2-16GB 3xShare, 1476
Tesla V100-SXM2-16GB 3xShare, 1152
Tesla V100-SXM2-16GB 3xShare, 1224
Tesla V100-SXM2-16GB 3xShare, 1368
Tesla V100-SXM2-16GB 3xShare, 1548
Tesla V100-SXM2-16GB 3xShare, 1620
Tesla V100-SXM2-16GB 3xShare, 1332
Tesla V100-SXM2-16GB 3xShare, 1584
Tesla V100-SXM2-16GB 3xShare, 1584
Tesla V100-SXM2-16GB 3xShare, 1584
Tesla V100-SXM2-16GB 3xShare, 1584
Tesla V100-SXM2-16GB 3xShare, 1548
Tesla V100-SXM2-16GB 3xShare, 1512
Tesla V100-SXM2-16GB 3xShare, 1512
Tesla V100-SXM2-16GB 3xShare, 1440
Tesla V100-SXM2-16GB 3xShare, 1188
Tesla V100-SXM2-16GB 3xShare, 1296
Tesla V100-SXM2-16GB 3xShare, 1152
